dataset_id	analysis_id	file_id	file	sample_id	submitter_sample_id	icgc_sample_id	aliquot_id	icgc_project_code
EGAD00001003132	EGAZ00001224964	EGAF00001156356	0028e857-efcd-4dc8-8330-0d580e593315/ccac610d37e54ed3600749689c7aec17.bam.bai	EGAN00001376003	GC12348N	SA544355	948ed73b-efe6-4012-8bd3-9513c68c1475	GACA-CN
EGAD00001003132	EGAZ00001224964	EGAF00001156355	0028e857-efcd-4dc8-8330-0d580e593315/ccac610d37e54ed3600749689c7aec17.bam	EGAN00001376003	GC12348N	SA544355	948ed73b-efe6-4012-8bd3-9513c68c1475	GACA-CN
EGAD00001003132	EGAZ00001224964	EGAF00001156357	0028e857-efcd-4dc8-8330-0d580e593315/analysis.0028e857-efcd-4dc8-8330-0d580e593315.GNOS.xml.gz	EGAN00001376003	GC12348N	SA544355	948ed73b-efe6-4012-8bd3-9513c68c1475	GACA-CN
EGAD00001003132	EGAZ00001224965	EGAF00001156966	0581065b-5ee2-4e2f-8db2-70333be4121f/analysis.0581065b-5ee2-4e2f-8db2-70333be4121f.GNOS.xml.gz	EGAN00001376034	GC13635T	SA560552	919560b7-9e45-45b9-a689-2514f2ec0a34	GACA-CN
EGAD00001003132	EGAZ00001224965	EGAF00001156964	0581065b-5ee2-4e2f-8db2-70333be4121f/0755cabeaf0cc39e5b605240a2624b26.bam	EGAN00001376034	GC13635T	SA560552	919560b7-9e45-45b9-a689-2514f2ec0a34	GACA-CN
EGAD00001003132	EGAZ00001224965	EGAF00001156965	0581065b-5ee2-4e2f-8db2-70333be4121f/0755cabeaf0cc39e5b605240a2624b26.bam.bai	EGAN00001376034	GC13635T	SA560552	919560b7-9e45-45b9-a689-2514f2ec0a34	GACA-CN
EGAD00001003132	EGAZ00001224966	EGAF00001156359	06dd97fc-38cf-4a1c-9965-fd531189a2a6/272676d04a5b04474b55e50e422bb8a3.bam.bai	EGAN00001376077	GC12330N	SA545316	7c957969-7e98-41b6-96a7-c09c48adf747	GACA-CN
EGAD00001003132	EGAZ00001224966	EGAF00001156358	06dd97fc-38cf-4a1c-9965-fd531189a2a6/272676d04a5b04474b55e50e422bb8a3.bam	EGAN00001376077	GC12330N	SA545316	7c957969-7e98-41b6-96a7-c09c48adf747	GACA-CN
EGAD00001003132	EGAZ00001224966	EGAF00001156360	06dd97fc-38cf-4a1c-9965-fd531189a2a6/analysis.06dd97fc-38cf-4a1c-9965-fd531189a2a6.GNOS.xml.gz	EGAN00001376077	GC12330N	SA545316	7c957969-7e98-41b6-96a7-c09c48adf747	GACA-CN
EGAD00001003132	EGAZ00001224967	EGAF00001156967	0bd2e423-749f-4f19-8ea3-a28b08ec896c/01ea113a6d86654c3162a6e721c4bcf8.bam	EGAN00001376007	GC12331N	SA544389	66dbdb53-09c2-4078-9265-773a31377bec	GACA-CN
EGAD00001003132	EGAZ00001224967	EGAF00001156969	0bd2e423-749f-4f19-8ea3-a28b08ec896c/analysis.0bd2e423-749f-4f19-8ea3-a28b08ec896c.GNOS.xml.gz	EGAN00001376007	GC12331N	SA544389	66dbdb53-09c2-4078-9265-773a31377bec	GACA-CN
EGAD00001003132	EGAZ00001224967	EGAF00001156968	0bd2e423-749f-4f19-8ea3-a28b08ec896c/01ea113a6d86654c3162a6e721c4bcf8.bam.bai	EGAN00001376007	GC12331N	SA544389	66dbdb53-09c2-4078-9265-773a31377bec	GACA-CN
EGAD00001003132	EGAZ00001224968	EGAF00001156362	0c18f954-4e73-4e9d-a11d-c8de1efef4ae/5fcc78fc8de1678a90c72b2f8f4bd5f7.bam.bai	EGAN00001376073	GC12204N	SA560584	89da08d8-b01b-43ee-80e9-90a088c81cd6	GACA-CN
EGAD00001003132	EGAZ00001224968	EGAF00001156361	0c18f954-4e73-4e9d-a11d-c8de1efef4ae/5fcc78fc8de1678a90c72b2f8f4bd5f7.bam	EGAN00001376073	GC12204N	SA560584	89da08d8-b01b-43ee-80e9-90a088c81cd6	GACA-CN
EGAD00001003132	EGAZ00001224968	EGAF00001156363	0c18f954-4e73-4e9d-a11d-c8de1efef4ae/analysis.0c18f954-4e73-4e9d-a11d-c8de1efef4ae.GNOS.xml.gz	EGAN00001376073	GC12204N	SA560584	89da08d8-b01b-43ee-80e9-90a088c81cd6	GACA-CN
EGAD00001003132	EGAZ00001224969	EGAF00001156970	1416cf81-60d7-4afd-b221-3352bb8d3ee1/0f544cf5211b5768162adc2e3f435703.bam	EGAN00001376049	GC12325N	SA544848	f822dc08-a8ec-40b5-a9f5-dfe467024eb5	GACA-CN
EGAD00001003132	EGAZ00001224969	EGAF00001156971	1416cf81-60d7-4afd-b221-3352bb8d3ee1/0f544cf5211b5768162adc2e3f435703.bam.bai	EGAN00001376049	GC12325N	SA544848	f822dc08-a8ec-40b5-a9f5-dfe467024eb5	GACA-CN
EGAD00001003132	EGAZ00001224969	EGAF00001156972	1416cf81-60d7-4afd-b221-3352bb8d3ee1/analysis.1416cf81-60d7-4afd-b221-3352bb8d3ee1.GNOS.xml.gz	EGAN00001376049	GC12325N	SA544848	f822dc08-a8ec-40b5-a9f5-dfe467024eb5	GACA-CN
EGAD00001003132	EGAZ00001224970	EGAF00001156364	14eea6a4-1543-4b01-99be-45746cdb8ea8/860ce9c48fbda4197bf98de54806cfce.bam	EGAN00001376038	GC12337T	SA569080	eda1d8d9-e8f5-46f2-bb16-15d0b10c2cf9	GACA-CN
EGAD00001003132	EGAZ00001224970	EGAF00001156365	14eea6a4-1543-4b01-99be-45746cdb8ea8/860ce9c48fbda4197bf98de54806cfce.bam.bai	EGAN00001376038	GC12337T	SA569080	eda1d8d9-e8f5-46f2-bb16-15d0b10c2cf9	GACA-CN
EGAD00001003132	EGAZ00001224970	EGAF00001156366	14eea6a4-1543-4b01-99be-45746cdb8ea8/analysis.14eea6a4-1543-4b01-99be-45746cdb8ea8.GNOS.xml.gz	EGAN00001376038	GC12337T	SA569080	eda1d8d9-e8f5-46f2-bb16-15d0b10c2cf9	GACA-CN
EGAD00001003132	EGAZ00001224971	EGAF00001156974	154b1f28-70bc-4fd3-87b3-eb1abccc6073/e1c059e8f3130eb9feac581e054258c9.bam.bai	EGAN00001376005	GC13034N	SA544356	660024b1-8668-4452-9f16-6bc02911c9e3	GACA-CN
EGAD00001003132	EGAZ00001224971	EGAF00001156973	154b1f28-70bc-4fd3-87b3-eb1abccc6073/e1c059e8f3130eb9feac581e054258c9.bam	EGAN00001376005	GC13034N	SA544356	660024b1-8668-4452-9f16-6bc02911c9e3	GACA-CN
EGAD00001003132	EGAZ00001224971	EGAF00001156975	154b1f28-70bc-4fd3-87b3-eb1abccc6073/analysis.154b1f28-70bc-4fd3-87b3-eb1abccc6073.GNOS.xml.gz	EGAN00001376005	GC13034N	SA544356	660024b1-8668-4452-9f16-6bc02911c9e3	GACA-CN
EGAD00001003132	EGAZ00001224972	EGAF00001156369	17e367f8-3182-4e97-81bb-561135232bd7/analysis.17e367f8-3182-4e97-81bb-561135232bd7.GNOS.xml.gz	EGAN00001376004	GC12348T	SA542478	a46f1e20-9e97-4dcc-a5ed-532aad9f3236	GACA-CN
EGAD00001003132	EGAZ00001224972	EGAF00001156367	17e367f8-3182-4e97-81bb-561135232bd7/81a87e5b88ef31e9df304497994300cd.bam	EGAN00001376004	GC12348T	SA542478	a46f1e20-9e97-4dcc-a5ed-532aad9f3236	GACA-CN
EGAD00001003132	EGAZ00001224972	EGAF00001156368	17e367f8-3182-4e97-81bb-561135232bd7/81a87e5b88ef31e9df304497994300cd.bam.bai	EGAN00001376004	GC12348T	SA542478	a46f1e20-9e97-4dcc-a5ed-532aad9f3236	GACA-CN
EGAD00001003132	EGAZ00001224973	EGAF00001156976	19ef92a5-6271-493f-a1c5-cd1ea3ca3a76/ed403fe92609c4f8428ff2c37ee1fcce.bam	EGAN00001375997	GC12335N	SA544345	a0beb0d1-0191-4022-a46e-13775627f322	GACA-CN
EGAD00001003132	EGAZ00001224973	EGAF00001156978	19ef92a5-6271-493f-a1c5-cd1ea3ca3a76/analysis.19ef92a5-6271-493f-a1c5-cd1ea3ca3a76.GNOS.xml.gz	EGAN00001375997	GC12335N	SA544345	a0beb0d1-0191-4022-a46e-13775627f322	GACA-CN
EGAD00001003132	EGAZ00001224973	EGAF00001156977	19ef92a5-6271-493f-a1c5-cd1ea3ca3a76/ed403fe92609c4f8428ff2c37ee1fcce.bam.bai	EGAN00001375997	GC12335N	SA544345	a0beb0d1-0191-4022-a46e-13775627f322	GACA-CN
EGAD00001003132	EGAZ00001224974	EGAF00001156370	1ac8db81-37c3-4383-904f-f8164c2730a7/f99fa2020abcf9290f3ad81dfe510118.bam	EGAN00001375999	GC12301N	SA544388	6b568240-a721-4c26-ae3a-a7d70e798c94	GACA-CN
EGAD00001003132	EGAZ00001224974	EGAF00001156371	1ac8db81-37c3-4383-904f-f8164c2730a7/f99fa2020abcf9290f3ad81dfe510118.bam.bai	EGAN00001375999	GC12301N	SA544388	6b568240-a721-4c26-ae3a-a7d70e798c94	GACA-CN
EGAD00001003132	EGAZ00001224974	EGAF00001156372	1ac8db81-37c3-4383-904f-f8164c2730a7/analysis.1ac8db81-37c3-4383-904f-f8164c2730a7.GNOS.xml.gz	EGAN00001375999	GC12301N	SA544388	6b568240-a721-4c26-ae3a-a7d70e798c94	GACA-CN
EGAD00001003132	EGAZ00001224975	EGAF00001156980	1e35a89a-f1f1-48e8-a10c-5f8042342207/f7fb9b13f724ce8f10e52b0240d1ebf2.bam.bai	EGAN00001376078	GC12330T	SA544109	30b9ab02-60f2-4974-85a9-874f247ae932	GACA-CN
EGAD00001003132	EGAZ00001224975	EGAF00001156981	1e35a89a-f1f1-48e8-a10c-5f8042342207/analysis.1e35a89a-f1f1-48e8-a10c-5f8042342207.GNOS.xml.gz	EGAN00001376078	GC12330T	SA544109	30b9ab02-60f2-4974-85a9-874f247ae932	GACA-CN
EGAD00001003132	EGAZ00001224975	EGAF00001156979	1e35a89a-f1f1-48e8-a10c-5f8042342207/f7fb9b13f724ce8f10e52b0240d1ebf2.bam	EGAN00001376078	GC12330T	SA544109	30b9ab02-60f2-4974-85a9-874f247ae932	GACA-CN
EGAD00001003132	EGAZ00001224976	EGAF00001156373	2aee4c25-3ca3-496c-8c74-b613a876296c/195c654682993711cce5b08099245308.bam	EGAN00001376039	GC12343N	SA544812	05829a11-9edf-4443-9ba6-cf15761f08af	GACA-CN
EGAD00001003132	EGAZ00001224976	EGAF00001156374	2aee4c25-3ca3-496c-8c74-b613a876296c/195c654682993711cce5b08099245308.bam.bai	EGAN00001376039	GC12343N	SA544812	05829a11-9edf-4443-9ba6-cf15761f08af	GACA-CN
EGAD00001003132	EGAZ00001224976	EGAF00001156375	2aee4c25-3ca3-496c-8c74-b613a876296c/analysis.2aee4c25-3ca3-496c-8c74-b613a876296c.GNOS.xml.gz	EGAN00001376039	GC12343N	SA544812	05829a11-9edf-4443-9ba6-cf15761f08af	GACA-CN
EGAD00001003132	EGAZ00001224977	EGAF00001156982	2e64a094-9446-4e86-b253-dc9faf476f7b/b16f2043256638dbdce2ff65ff309986.bam	EGAN00001376042	GC13006T	SA543233	97fe452e-fc8e-4935-895d-ade616cd646e	GACA-CN
EGAD00001003132	EGAZ00001224977	EGAF00001156983	2e64a094-9446-4e86-b253-dc9faf476f7b/b16f2043256638dbdce2ff65ff309986.bam.bai	EGAN00001376042	GC13006T	SA543233	97fe452e-fc8e-4935-895d-ade616cd646e	GACA-CN
EGAD00001003132	EGAZ00001224977	EGAF00001156984	2e64a094-9446-4e86-b253-dc9faf476f7b/analysis.2e64a094-9446-4e86-b253-dc9faf476f7b.GNOS.xml.gz	EGAN00001376042	GC13006T	SA543233	97fe452e-fc8e-4935-895d-ade616cd646e	GACA-CN
EGAD00001003132	EGAZ00001224978	EGAF00001156377	2ed3fc2a-020b-4618-9ef0-61df5c3980de/33ebdb91b65a9df2c3ac3e56edcc47ef.bam.bai	EGAN00001376071	GC13025N	SA545292	e45755a7-f17a-40d4-8e27-9531a39d16ad	GACA-CN
EGAD00001003132	EGAZ00001224978	EGAF00001156376	2ed3fc2a-020b-4618-9ef0-61df5c3980de/33ebdb91b65a9df2c3ac3e56edcc47ef.bam	EGAN00001376071	GC13025N	SA545292	e45755a7-f17a-40d4-8e27-9531a39d16ad	GACA-CN
EGAD00001003132	EGAZ00001224978	EGAF00001156378	2ed3fc2a-020b-4618-9ef0-61df5c3980de/analysis.2ed3fc2a-020b-4618-9ef0-61df5c3980de.GNOS.xml.gz	EGAN00001376071	GC13025N	SA545292	e45755a7-f17a-40d4-8e27-9531a39d16ad	GACA-CN
EGAD00001003132	EGAZ00001224979	EGAF00001156986	34a14c45-431b-4f10-ad73-f4eb900c0e89/c12f3fbc514c952e85063dfe2796f6ae.bam.bai	EGAN00001376019	GC13003N	SA544579	7d967f67-afcd-4adb-94ab-65154bd7ba08	GACA-CN
EGAD00001003132	EGAZ00001224979	EGAF00001156985	34a14c45-431b-4f10-ad73-f4eb900c0e89/c12f3fbc514c952e85063dfe2796f6ae.bam	EGAN00001376019	GC13003N	SA544579	7d967f67-afcd-4adb-94ab-65154bd7ba08	GACA-CN
EGAD00001003132	EGAZ00001224979	EGAF00001156987	34a14c45-431b-4f10-ad73-f4eb900c0e89/analysis.34a14c45-431b-4f10-ad73-f4eb900c0e89.GNOS.xml.gz	EGAN00001376019	GC13003N	SA544579	7d967f67-afcd-4adb-94ab-65154bd7ba08	GACA-CN
EGAD00001003132	EGAZ00001224980	EGAF00001156379	3a3f29cb-c58b-4074-b014-ec76e95440be/eb7677e8c9834d03c70bca5f1437fec9.bam	EGAN00001376050	GC12325T	SA543305	4dc9b032-7f7b-486d-a12b-8461af89501d	GACA-CN
EGAD00001003132	EGAZ00001224980	EGAF00001156381	3a3f29cb-c58b-4074-b014-ec76e95440be/analysis.3a3f29cb-c58b-4074-b014-ec76e95440be.GNOS.xml.gz	EGAN00001376050	GC12325T	SA543305	4dc9b032-7f7b-486d-a12b-8461af89501d	GACA-CN
EGAD00001003132	EGAZ00001224980	EGAF00001156380	3a3f29cb-c58b-4074-b014-ec76e95440be/eb7677e8c9834d03c70bca5f1437fec9.bam.bai	EGAN00001376050	GC12325T	SA543305	4dc9b032-7f7b-486d-a12b-8461af89501d	GACA-CN
EGAD00001003132	EGAZ00001224981	EGAF00001156988	3eb61f7e-7acf-45de-b3e5-e87d14dd3eb7/6ccbfcdddbe46199ef9866dffc95e894.bam	EGAN00001376072	GC13025T	SA544046	188f9a26-7143-415b-b02d-74055fa23d6d	GACA-CN
EGAD00001003132	EGAZ00001224981	EGAF00001156990	3eb61f7e-7acf-45de-b3e5-e87d14dd3eb7/analysis.3eb61f7e-7acf-45de-b3e5-e87d14dd3eb7.GNOS.xml.gz	EGAN00001376072	GC13025T	SA544046	188f9a26-7143-415b-b02d-74055fa23d6d	GACA-CN
EGAD00001003132	EGAZ00001224981	EGAF00001156989	3eb61f7e-7acf-45de-b3e5-e87d14dd3eb7/6ccbfcdddbe46199ef9866dffc95e894.bam.bai	EGAN00001376072	GC13025T	SA544046	188f9a26-7143-415b-b02d-74055fa23d6d	GACA-CN
EGAD00001003132	EGAZ00001224982	EGAF00001156384	3ec17262-f4d7-4995-ad80-02e071c589a7/analysis.3ec17262-f4d7-4995-ad80-02e071c589a7.GNOS.xml.gz	EGAN00001376065	GC13824N	SA545137	4b8a0b13-83bb-4605-8df6-09dcf7ffdfe3	GACA-CN
EGAD00001003132	EGAZ00001224982	EGAF00001156382	3ec17262-f4d7-4995-ad80-02e071c589a7/552d463fdca66a35f63c68bd2bb7ef78.bam	EGAN00001376065	GC13824N	SA545137	4b8a0b13-83bb-4605-8df6-09dcf7ffdfe3	GACA-CN
EGAD00001003132	EGAZ00001224982	EGAF00001156383	3ec17262-f4d7-4995-ad80-02e071c589a7/552d463fdca66a35f63c68bd2bb7ef78.bam.bai	EGAN00001376065	GC13824N	SA545137	4b8a0b13-83bb-4605-8df6-09dcf7ffdfe3	GACA-CN
EGAD00001003132	EGAZ00001224983	EGAF00001156991	4ec97354-ba66-40bc-842e-4ecc05b27632/7aabb6f70cbb4b2d47ee165e098c562f.bam	EGAN00001376063	GC13687N	SA545027	2e99f9ae-e032-43a8-8b9d-f5f592c01d44	GACA-CN
EGAD00001003132	EGAZ00001224983	EGAF00001156993	4ec97354-ba66-40bc-842e-4ecc05b27632/analysis.4ec97354-ba66-40bc-842e-4ecc05b27632.GNOS.xml.gz	EGAN00001376063	GC13687N	SA545027	2e99f9ae-e032-43a8-8b9d-f5f592c01d44	GACA-CN
EGAD00001003132	EGAZ00001224983	EGAF00001156992	4ec97354-ba66-40bc-842e-4ecc05b27632/7aabb6f70cbb4b2d47ee165e098c562f.bam.bai	EGAN00001376063	GC13687N	SA545027	2e99f9ae-e032-43a8-8b9d-f5f592c01d44	GACA-CN
EGAD00001003132	EGAZ00001224984	EGAF00001156386	5053ff39-a5bd-4171-bda7-5ccce573b467/767bd286070e08936336dde3585032cc.bam.bai	EGAN00001376033	GC13635N	SA569076	7710d588-f821-4b76-a185-0d9cecbe9f09	GACA-CN
EGAD00001003132	EGAZ00001224984	EGAF00001156385	5053ff39-a5bd-4171-bda7-5ccce573b467/767bd286070e08936336dde3585032cc.bam	EGAN00001376033	GC13635N	SA569076	7710d588-f821-4b76-a185-0d9cecbe9f09	GACA-CN
EGAD00001003132	EGAZ00001224984	EGAF00001156387	5053ff39-a5bd-4171-bda7-5ccce573b467/analysis.5053ff39-a5bd-4171-bda7-5ccce573b467.GNOS.xml.gz	EGAN00001376033	GC13635N	SA569076	7710d588-f821-4b76-a185-0d9cecbe9f09	GACA-CN
EGAD00001003132	EGAZ00001224985	EGAF00001156995	5d57d610-9c72-4210-b011-9bc59e566e04/c9f32a03411101c5a9a380d95dec5b43.bam.bai	EGAN00001376010	GC12322T	SA560543	37e5d47b-851b-47de-ba6a-fd2835644011	GACA-CN
EGAD00001003132	EGAZ00001224985	EGAF00001156996	5d57d610-9c72-4210-b011-9bc59e566e04/analysis.5d57d610-9c72-4210-b011-9bc59e566e04.GNOS.xml.gz	EGAN00001376010	GC12322T	SA560543	37e5d47b-851b-47de-ba6a-fd2835644011	GACA-CN
EGAD00001003132	EGAZ00001224985	EGAF00001156994	5d57d610-9c72-4210-b011-9bc59e566e04/c9f32a03411101c5a9a380d95dec5b43.bam	EGAN00001376010	GC12322T	SA560543	37e5d47b-851b-47de-ba6a-fd2835644011	GACA-CN
EGAD00001003132	EGAZ00001224986	EGAF00001156389	61cdf1a1-c16c-4443-9532-757de224d528/59aa0b8250ee5a5d76f40eeff705d885.bam.bai	EGAN00001376000	GC12301T	SA542536	1368120d-c747-4778-a01a-289505a0c18a	GACA-CN
EGAD00001003132	EGAZ00001224986	EGAF00001156388	61cdf1a1-c16c-4443-9532-757de224d528/59aa0b8250ee5a5d76f40eeff705d885.bam	EGAN00001376000	GC12301T	SA542536	1368120d-c747-4778-a01a-289505a0c18a	GACA-CN
EGAD00001003132	EGAZ00001224986	EGAF00001156390	61cdf1a1-c16c-4443-9532-757de224d528/analysis.61cdf1a1-c16c-4443-9532-757de224d528.GNOS.xml.gz	EGAN00001376000	GC12301T	SA542536	1368120d-c747-4778-a01a-289505a0c18a	GACA-CN
EGAD00001003132	EGAZ00001224987	EGAF00001156999	67dab99e-b983-4a9f-b6cc-fc6008d400d9/analysis.67dab99e-b983-4a9f-b6cc-fc6008d400d9.GNOS.xml.gz	EGAN00001376029	GC13627N	SA544580	bfc4caa9-cef3-4620-b1ff-706ac5e696b5	GACA-CN
EGAD00001003132	EGAZ00001224987	EGAF00001156998	67dab99e-b983-4a9f-b6cc-fc6008d400d9/55138d8f378ff11bc929ffbf61a2cc89.bam.bai	EGAN00001376029	GC13627N	SA544580	bfc4caa9-cef3-4620-b1ff-706ac5e696b5	GACA-CN
EGAD00001003132	EGAZ00001224987	EGAF00001156997	67dab99e-b983-4a9f-b6cc-fc6008d400d9/55138d8f378ff11bc929ffbf61a2cc89.bam	EGAN00001376029	GC13627N	SA544580	bfc4caa9-cef3-4620-b1ff-706ac5e696b5	GACA-CN
EGAD00001003132	EGAZ00001224988	EGAF00001156393	69ecef37-d5e0-42b2-b86b-e9fa4c4ee5f8/analysis.69ecef37-d5e0-42b2-b86b-e9fa4c4ee5f8.GNOS.xml.gz	EGAN00001376066	GC13824T	SA543781	1a391468-fbf3-451a-b88e-a257a26d047f	GACA-CN
EGAD00001003132	EGAZ00001224988	EGAF00001156392	69ecef37-d5e0-42b2-b86b-e9fa4c4ee5f8/87af9eb8a2ab6a437d95caf9dd7257bf.bam.bai	EGAN00001376066	GC13824T	SA543781	1a391468-fbf3-451a-b88e-a257a26d047f	GACA-CN
EGAD00001003132	EGAZ00001224988	EGAF00001156391	69ecef37-d5e0-42b2-b86b-e9fa4c4ee5f8/87af9eb8a2ab6a437d95caf9dd7257bf.bam	EGAN00001376066	GC13824T	SA543781	1a391468-fbf3-451a-b88e-a257a26d047f	GACA-CN
EGAD00001003132	EGAZ00001224989	EGAF00001157000	69fe103a-1882-4973-afc7-c34a2f352404/6d938d97451c6a07ada759f376b95a4a.bam	EGAN00001376012	GC13709T	SA542619	68509ede-3dcf-4a6e-9af0-4a9bb4dfa567	GACA-CN
EGAD00001003132	EGAZ00001224989	EGAF00001157001	69fe103a-1882-4973-afc7-c34a2f352404/6d938d97451c6a07ada759f376b95a4a.bam.bai	EGAN00001376012	GC13709T	SA542619	68509ede-3dcf-4a6e-9af0-4a9bb4dfa567	GACA-CN
EGAD00001003132	EGAZ00001224989	EGAF00001157002	69fe103a-1882-4973-afc7-c34a2f352404/analysis.69fe103a-1882-4973-afc7-c34a2f352404.GNOS.xml.gz	EGAN00001376012	GC13709T	SA542619	68509ede-3dcf-4a6e-9af0-4a9bb4dfa567	GACA-CN
EGAD00001003132	EGAZ00001224990	EGAF00001156396	6ae6c979-b014-46ad-ac63-8f459582ef61/analysis.6ae6c979-b014-46ad-ac63-8f459582ef61.GNOS.xml.gz	EGAN00001376035	GC13790N	SA544794	295e2f7d-40ba-434d-82b0-e8b1c3ce54bf	GACA-CN
EGAD00001003132	EGAZ00001224990	EGAF00001156394	6ae6c979-b014-46ad-ac63-8f459582ef61/63963e90566ec9613411817120040355.bam	EGAN00001376035	GC13790N	SA544794	295e2f7d-40ba-434d-82b0-e8b1c3ce54bf	GACA-CN
EGAD00001003132	EGAZ00001224990	EGAF00001156395	6ae6c979-b014-46ad-ac63-8f459582ef61/63963e90566ec9613411817120040355.bam.bai	EGAN00001376035	GC13790N	SA544794	295e2f7d-40ba-434d-82b0-e8b1c3ce54bf	GACA-CN
EGAD00001003132	EGAZ00001224991	EGAF00001157003	6db2f22a-4f5c-46cb-86c4-9d92c30fc27d/47249f7b4d48cb7ebbf6e4d11244ab3a.bam	EGAN00001376040	GC12343T	SA543211	81c7a8c1-8a6a-4e78-a72c-f7c021c67ff7	GACA-CN
EGAD00001003132	EGAZ00001224991	EGAF00001157005	6db2f22a-4f5c-46cb-86c4-9d92c30fc27d/analysis.6db2f22a-4f5c-46cb-86c4-9d92c30fc27d.GNOS.xml.gz	EGAN00001376040	GC12343T	SA543211	81c7a8c1-8a6a-4e78-a72c-f7c021c67ff7	GACA-CN
EGAD00001003132	EGAZ00001224991	EGAF00001157004	6db2f22a-4f5c-46cb-86c4-9d92c30fc27d/47249f7b4d48cb7ebbf6e4d11244ab3a.bam.bai	EGAN00001376040	GC12343T	SA543211	81c7a8c1-8a6a-4e78-a72c-f7c021c67ff7	GACA-CN
EGAD00001003132	EGAZ00001224992	EGAF00001156398	7148e893-e06f-4572-aa68-0d194c9da1e0/7c7328d29d91e1ccf62affb7ae793cf2.bam.bai	EGAN00001376036	GC13790T	SA543199	1d2d355a-8409-4c8a-9f07-ac62885e228d	GACA-CN
EGAD00001003132	EGAZ00001224992	EGAF00001156397	7148e893-e06f-4572-aa68-0d194c9da1e0/7c7328d29d91e1ccf62affb7ae793cf2.bam	EGAN00001376036	GC13790T	SA543199	1d2d355a-8409-4c8a-9f07-ac62885e228d	GACA-CN
EGAD00001003132	EGAZ00001224992	EGAF00001156399	7148e893-e06f-4572-aa68-0d194c9da1e0/analysis.7148e893-e06f-4572-aa68-0d194c9da1e0.GNOS.xml.gz	EGAN00001376036	GC13790T	SA543199	1d2d355a-8409-4c8a-9f07-ac62885e228d	GACA-CN
EGAD00001003132	EGAZ00001224993	EGAF00001157006	716bbeda-0f52-4136-80c5-7019079165f6/18b5e86c3336627b069c6fa8b8a869b0.bam	EGAN00001376061	GC12327N	SA545084	acbdfd45-8db7-41d6-a56c-308174a397c0	GACA-CN
EGAD00001003132	EGAZ00001224993	EGAF00001157007	716bbeda-0f52-4136-80c5-7019079165f6/18b5e86c3336627b069c6fa8b8a869b0.bam.bai	EGAN00001376061	GC12327N	SA545084	acbdfd45-8db7-41d6-a56c-308174a397c0	GACA-CN
EGAD00001003132	EGAZ00001224993	EGAF00001157008	716bbeda-0f52-4136-80c5-7019079165f6/analysis.716bbeda-0f52-4136-80c5-7019079165f6.GNOS.xml.gz	EGAN00001376061	GC12327N	SA545084	acbdfd45-8db7-41d6-a56c-308174a397c0	GACA-CN
EGAD00001003132	EGAZ00001224994	EGAF00001156402	791ec3ce-37f0-4e89-8430-b529e37340dd/analysis.791ec3ce-37f0-4e89-8430-b529e37340dd.GNOS.xml.gz	EGAN00001376021	GC12324N	SA544629	7be8f4b1-5730-4b90-8d6c-47292dcb8767	GACA-CN
EGAD00001003132	EGAZ00001224994	EGAF00001156401	791ec3ce-37f0-4e89-8430-b529e37340dd/976ccfff991d3a494adcdc807b954f56.bam.bai	EGAN00001376021	GC12324N	SA544629	7be8f4b1-5730-4b90-8d6c-47292dcb8767	GACA-CN
EGAD00001003132	EGAZ00001224994	EGAF00001156400	791ec3ce-37f0-4e89-8430-b529e37340dd/976ccfff991d3a494adcdc807b954f56.bam	EGAN00001376021	GC12324N	SA544629	7be8f4b1-5730-4b90-8d6c-47292dcb8767	GACA-CN
EGAD00001003132	EGAZ00001224995	EGAF00001157010	806a2102-db31-4e77-b2fc-761219c1a87e/44fe7c7062d6b3337efc81c88e9defaa.bam.bai	EGAN00001376020	GC13003T	SA542864	bc0dee07-de20-44d6-be65-05af7e63ac96	GACA-CN
EGAD00001003132	EGAZ00001224995	EGAF00001157011	806a2102-db31-4e77-b2fc-761219c1a87e/analysis.806a2102-db31-4e77-b2fc-761219c1a87e.GNOS.xml.gz	EGAN00001376020	GC13003T	SA542864	bc0dee07-de20-44d6-be65-05af7e63ac96	GACA-CN
EGAD00001003132	EGAZ00001224995	EGAF00001157009	806a2102-db31-4e77-b2fc-761219c1a87e/44fe7c7062d6b3337efc81c88e9defaa.bam	EGAN00001376020	GC13003T	SA542864	bc0dee07-de20-44d6-be65-05af7e63ac96	GACA-CN
EGAD00001003132	EGAZ00001224996	EGAF00001156404	814a3122-bdc1-459c-ab8d-176d1fcc3694/cae75e168fdab75b63353fd276c62492.bam.bai	EGAN00001376048	GC12305T	SA569072	7b482f46-adcc-48ae-a4d6-17f4edd998dc	GACA-CN
EGAD00001003132	EGAZ00001224996	EGAF00001156405	814a3122-bdc1-459c-ab8d-176d1fcc3694/analysis.814a3122-bdc1-459c-ab8d-176d1fcc3694.GNOS.xml.gz	EGAN00001376048	GC12305T	SA569072	7b482f46-adcc-48ae-a4d6-17f4edd998dc	GACA-CN
EGAD00001003132	EGAZ00001224996	EGAF00001156403	814a3122-bdc1-459c-ab8d-176d1fcc3694/cae75e168fdab75b63353fd276c62492.bam	EGAN00001376048	GC12305T	SA569072	7b482f46-adcc-48ae-a4d6-17f4edd998dc	GACA-CN
EGAD00001003132	EGAZ00001224997	EGAF00001157014	8326eac5-02b1-45ff-a6d2-6092cdf7a8c8/analysis.8326eac5-02b1-45ff-a6d2-6092cdf7a8c8.GNOS.xml.gz	EGAN00001376016	GC12304T	SA542931	606111e3-6b7d-42a6-b7d0-9d6c3e33acd6	GACA-CN
EGAD00001003132	EGAZ00001224997	EGAF00001157013	8326eac5-02b1-45ff-a6d2-6092cdf7a8c8/6cf9586b1c531d9ecf09b94f7916059c.bam.bai	EGAN00001376016	GC12304T	SA542931	606111e3-6b7d-42a6-b7d0-9d6c3e33acd6	GACA-CN
EGAD00001003132	EGAZ00001224997	EGAF00001157012	8326eac5-02b1-45ff-a6d2-6092cdf7a8c8/6cf9586b1c531d9ecf09b94f7916059c.bam	EGAN00001376016	GC12304T	SA542931	606111e3-6b7d-42a6-b7d0-9d6c3e33acd6	GACA-CN
EGAD00001003132	EGAZ00001224998	EGAF00001156408	8dcdcaee-293d-4e1c-8271-87bedf10cb0d/analysis.8dcdcaee-293d-4e1c-8271-87bedf10cb0d.GNOS.xml.gz	EGAN00001376017	GC12014N	SA544626	a1de15d8-d0f5-40c6-8d3c-729237b1367e	GACA-CN
EGAD00001003132	EGAZ00001224998	EGAF00001156407	8dcdcaee-293d-4e1c-8271-87bedf10cb0d/498ad1ef4dbd80142247b9ab5c49177b.bam.bai	EGAN00001376017	GC12014N	SA544626	a1de15d8-d0f5-40c6-8d3c-729237b1367e	GACA-CN
EGAD00001003132	EGAZ00001224998	EGAF00001156406	8dcdcaee-293d-4e1c-8271-87bedf10cb0d/498ad1ef4dbd80142247b9ab5c49177b.bam	EGAN00001376017	GC12014N	SA544626	a1de15d8-d0f5-40c6-8d3c-729237b1367e	GACA-CN
EGAD00001003132	EGAZ00001224999	EGAF00001157016	90d08286-a3b2-4f2e-b790-441c31aa31c4/750a7089669a92c37bb8621156659f63.bam.bai	EGAN00001376074	GC12204T	SA569082	6dbac113-d4cf-4db5-97c9-50fa400bb47e	GACA-CN
EGAD00001003132	EGAZ00001224999	EGAF00001157017	90d08286-a3b2-4f2e-b790-441c31aa31c4/analysis.90d08286-a3b2-4f2e-b790-441c31aa31c4.GNOS.xml.gz	EGAN00001376074	GC12204T	SA569082	6dbac113-d4cf-4db5-97c9-50fa400bb47e	GACA-CN
EGAD00001003132	EGAZ00001224999	EGAF00001157015	90d08286-a3b2-4f2e-b790-441c31aa31c4/750a7089669a92c37bb8621156659f63.bam	EGAN00001376074	GC12204T	SA569082	6dbac113-d4cf-4db5-97c9-50fa400bb47e	GACA-CN
EGAD00001003132	EGAZ00001225000	EGAF00001156411	90ec8438-aade-481e-99da-63adf6192c3b/analysis.90ec8438-aade-481e-99da-63adf6192c3b.GNOS.xml.gz	EGAN00001376011	GC13709N	SA544440	21302cad-4e21-49a8-83f9-f8e5718a049c	GACA-CN
EGAD00001003132	EGAZ00001225000	EGAF00001156409	90ec8438-aade-481e-99da-63adf6192c3b/797dc7d7e9c034d6e36ff2f74a0e800d.bam	EGAN00001376011	GC13709N	SA544440	21302cad-4e21-49a8-83f9-f8e5718a049c	GACA-CN
EGAD00001003132	EGAZ00001225000	EGAF00001156410	90ec8438-aade-481e-99da-63adf6192c3b/797dc7d7e9c034d6e36ff2f74a0e800d.bam.bai	EGAN00001376011	GC13709N	SA544440	21302cad-4e21-49a8-83f9-f8e5718a049c	GACA-CN
EGAD00001003132	EGAZ00001225001	EGAF00001157020	90f67065-288e-4990-925b-03c3cb0a3c7d/analysis.90f67065-288e-4990-925b-03c3cb0a3c7d.GNOS.xml.gz	EGAN00001376053	GC12344N	SA545026	0f0b13da-2b6e-40ef-b6d6-5febfbb8c9eb	GACA-CN
EGAD00001003132	EGAZ00001225001	EGAF00001157018	90f67065-288e-4990-925b-03c3cb0a3c7d/c5d3ceb9eb4954c20e215e6d25a52662.bam	EGAN00001376053	GC12344N	SA545026	0f0b13da-2b6e-40ef-b6d6-5febfbb8c9eb	GACA-CN
EGAD00001003132	EGAZ00001225001	EGAF00001157019	90f67065-288e-4990-925b-03c3cb0a3c7d/c5d3ceb9eb4954c20e215e6d25a52662.bam.bai	EGAN00001376053	GC12344N	SA545026	0f0b13da-2b6e-40ef-b6d6-5febfbb8c9eb	GACA-CN
EGAD00001003132	EGAZ00001225002	EGAF00001156413	91e964ef-2ab6-46b1-9aaf-d53698f151c3/2c3df2f4c04add6c07a25b1414557b0f.bam.bai	EGAN00001376080	GC13707T	SA544185	5dc6f055-c4f6-49a1-a68c-94cf87cbd363	GACA-CN
EGAD00001003132	EGAZ00001225002	EGAF00001156414	91e964ef-2ab6-46b1-9aaf-d53698f151c3/analysis.91e964ef-2ab6-46b1-9aaf-d53698f151c3.GNOS.xml.gz	EGAN00001376080	GC13707T	SA544185	5dc6f055-c4f6-49a1-a68c-94cf87cbd363	GACA-CN
EGAD00001003132	EGAZ00001225002	EGAF00001156412	91e964ef-2ab6-46b1-9aaf-d53698f151c3/2c3df2f4c04add6c07a25b1414557b0f.bam	EGAN00001376080	GC13707T	SA544185	5dc6f055-c4f6-49a1-a68c-94cf87cbd363	GACA-CN
EGAD00001003132	EGAZ00001225003	EGAF00001157022	97bd8b6c-3883-4f0b-8292-228fec3427ae/07c51ccd050da49d3f5a2e964387d863.bam.bai	EGAN00001376028	GC12342T	SA569074	5f69c087-dffa-43f0-8810-0555fec11ae0	GACA-CN
EGAD00001003132	EGAZ00001225003	EGAF00001157021	97bd8b6c-3883-4f0b-8292-228fec3427ae/07c51ccd050da49d3f5a2e964387d863.bam	EGAN00001376028	GC12342T	SA569074	5f69c087-dffa-43f0-8810-0555fec11ae0	GACA-CN
EGAD00001003132	EGAZ00001225003	EGAF00001157023	97bd8b6c-3883-4f0b-8292-228fec3427ae/analysis.97bd8b6c-3883-4f0b-8292-228fec3427ae.GNOS.xml.gz	EGAN00001376028	GC12342T	SA569074	5f69c087-dffa-43f0-8810-0555fec11ae0	GACA-CN
EGAD00001003132	EGAZ00001225004	EGAF00001156415	9803ef42-f05a-46f4-86d9-31c81e4cba4a/0465fc32eadc46303d0728fb7647f2f7.bam	EGAN00001376015	GC12304N	SA544625	3af700ed-e109-495c-8b4a-39aad7b2db6c	GACA-CN
EGAD00001003132	EGAZ00001225004	EGAF00001156417	9803ef42-f05a-46f4-86d9-31c81e4cba4a/analysis.9803ef42-f05a-46f4-86d9-31c81e4cba4a.GNOS.xml.gz	EGAN00001376015	GC12304N	SA544625	3af700ed-e109-495c-8b4a-39aad7b2db6c	GACA-CN
EGAD00001003132	EGAZ00001225004	EGAF00001156416	9803ef42-f05a-46f4-86d9-31c81e4cba4a/0465fc32eadc46303d0728fb7647f2f7.bam.bai	EGAN00001376015	GC12304N	SA544625	3af700ed-e109-495c-8b4a-39aad7b2db6c	GACA-CN
EGAD00001003132	EGAZ00001225005	EGAF00001157024	98c828bb-6756-4276-920b-2ae5f6cfe6a5/633352d336a82a394d505027b7ba1732.bam	EGAN00001376058	GC13008T	SA543680	c4e048de-1d43-4fbd-8289-9279b16c8a3a	GACA-CN
EGAD00001003132	EGAZ00001225005	EGAF00001157025	98c828bb-6756-4276-920b-2ae5f6cfe6a5/633352d336a82a394d505027b7ba1732.bam.bai	EGAN00001376058	GC13008T	SA543680	c4e048de-1d43-4fbd-8289-9279b16c8a3a	GACA-CN
EGAD00001003132	EGAZ00001225005	EGAF00001157026	98c828bb-6756-4276-920b-2ae5f6cfe6a5/analysis.98c828bb-6756-4276-920b-2ae5f6cfe6a5.GNOS.xml.gz	EGAN00001376058	GC13008T	SA543680	c4e048de-1d43-4fbd-8289-9279b16c8a3a	GACA-CN
EGAD00001003132	EGAZ00001225006	EGAF00001156419	9fd433b9-21fb-4736-b0e3-4465b106bd5d/0c512f768f305c8798b589c38b674215.bam.bai	EGAN00001376037	GC12337N	SA560557	46281d1a-5a55-4a05-aa54-fab4fbcd3bf7	GACA-CN
EGAD00001003132	EGAZ00001225006	EGAF00001156418	9fd433b9-21fb-4736-b0e3-4465b106bd5d/0c512f768f305c8798b589c38b674215.bam	EGAN00001376037	GC12337N	SA560557	46281d1a-5a55-4a05-aa54-fab4fbcd3bf7	GACA-CN
EGAD00001003132	EGAZ00001225006	EGAF00001156420	9fd433b9-21fb-4736-b0e3-4465b106bd5d/analysis.9fd433b9-21fb-4736-b0e3-4465b106bd5d.GNOS.xml.gz	EGAN00001376037	GC12337N	SA560557	46281d1a-5a55-4a05-aa54-fab4fbcd3bf7	GACA-CN
EGAD00001003132	EGAZ00001225007	EGAF00001157029	a173ed49-84fe-4759-b290-ef3a265e8bd1/analysis.a173ed49-84fe-4759-b290-ef3a265e8bd1.GNOS.xml.gz	EGAN00001376056	GC12346T	SA543675	dbd834cb-b14f-4380-9741-f96551268447	GACA-CN
EGAD00001003132	EGAZ00001225007	EGAF00001157028	a173ed49-84fe-4759-b290-ef3a265e8bd1/e795a8fe0ba44c8d480b43771180f018.bam.bai	EGAN00001376056	GC12346T	SA543675	dbd834cb-b14f-4380-9741-f96551268447	GACA-CN
EGAD00001003132	EGAZ00001225007	EGAF00001157027	a173ed49-84fe-4759-b290-ef3a265e8bd1/e795a8fe0ba44c8d480b43771180f018.bam	EGAN00001376056	GC12346T	SA543675	dbd834cb-b14f-4380-9741-f96551268447	GACA-CN
EGAD00001003132	EGAZ00001225008	EGAF00001156421	a3cabe8b-9aa1-403e-9f59-cb38792cd4e6/301c6c7f706c8f628f671be01418eebc.bam	EGAN00001376018	GC12014T	SA542932	f50fb278-1f0f-406e-b341-eb3d1b97afe6	GACA-CN
EGAD00001003132	EGAZ00001225008	EGAF00001156422	a3cabe8b-9aa1-403e-9f59-cb38792cd4e6/301c6c7f706c8f628f671be01418eebc.bam.bai	EGAN00001376018	GC12014T	SA542932	f50fb278-1f0f-406e-b341-eb3d1b97afe6	GACA-CN
EGAD00001003132	EGAZ00001225008	EGAF00001156423	a3cabe8b-9aa1-403e-9f59-cb38792cd4e6/analysis.a3cabe8b-9aa1-403e-9f59-cb38792cd4e6.GNOS.xml.gz	EGAN00001376018	GC12014T	SA542932	f50fb278-1f0f-406e-b341-eb3d1b97afe6	GACA-CN
EGAD00001003132	EGAZ00001225009	EGAF00001157031	a7796a42-5343-4596-9c45-c1d42d9f9654/364f84a2670a561dc0eff8aaadc4df93.bam.bai	EGAN00001376076	GC13759T	SA544191	bd2f8133-3e71-4c5e-998f-0c1a9fdfb75f	GACA-CN
EGAD00001003132	EGAZ00001225009	EGAF00001157032	a7796a42-5343-4596-9c45-c1d42d9f9654/analysis.a7796a42-5343-4596-9c45-c1d42d9f9654.GNOS.xml.gz	EGAN00001376076	GC13759T	SA544191	bd2f8133-3e71-4c5e-998f-0c1a9fdfb75f	GACA-CN
EGAD00001003132	EGAZ00001225009	EGAF00001157030	a7796a42-5343-4596-9c45-c1d42d9f9654/364f84a2670a561dc0eff8aaadc4df93.bam	EGAN00001376076	GC13759T	SA544191	bd2f8133-3e71-4c5e-998f-0c1a9fdfb75f	GACA-CN
EGAD00001003132	EGAZ00001225010	EGAF00001156424	a7e3d076-1070-46ac-93f1-769066f0f720/20c41184adf095ddcd0c71b24031ce1a.bam	EGAN00001376075	GC13759N	SA545361	c1da84fa-cbc0-46e7-a38c-0c5d1cf08f8f	GACA-CN
EGAD00001003132	EGAZ00001225010	EGAF00001156425	a7e3d076-1070-46ac-93f1-769066f0f720/20c41184adf095ddcd0c71b24031ce1a.bam.bai	EGAN00001376075	GC13759N	SA545361	c1da84fa-cbc0-46e7-a38c-0c5d1cf08f8f	GACA-CN
EGAD00001003132	EGAZ00001225010	EGAF00001156426	a7e3d076-1070-46ac-93f1-769066f0f720/analysis.a7e3d076-1070-46ac-93f1-769066f0f720.GNOS.xml.gz	EGAN00001376075	GC13759N	SA545361	c1da84fa-cbc0-46e7-a38c-0c5d1cf08f8f	GACA-CN
EGAD00001003132	EGAZ00001225011	EGAF00001157033	a879ffd1-8ca9-41d7-a8dc-40515aa97747/8159c2703ae7e54e6023e6690d00f466.bam	EGAN00001376025	GC12336N	SA544577	90badfae-efc8-4042-8125-969df9068d04	GACA-CN
EGAD00001003132	EGAZ00001225011	EGAF00001157035	a879ffd1-8ca9-41d7-a8dc-40515aa97747/analysis.a879ffd1-8ca9-41d7-a8dc-40515aa97747.GNOS.xml.gz	EGAN00001376025	GC12336N	SA544577	90badfae-efc8-4042-8125-969df9068d04	GACA-CN
EGAD00001003132	EGAZ00001225011	EGAF00001157034	a879ffd1-8ca9-41d7-a8dc-40515aa97747/8159c2703ae7e54e6023e6690d00f466.bam.bai	EGAN00001376025	GC12336N	SA544577	90badfae-efc8-4042-8125-969df9068d04	GACA-CN
EGAD00001003132	EGAZ00001225012	EGAF00001156428	a956669b-82ba-4e06-8c96-90567d1365fc/fbcb9894d233030bfcbb66532c009f61.bam.bai	EGAN00001376026	GC12336T	SA542843	63f5bb12-1b20-49d4-9e98-570e368f947d	GACA-CN
EGAD00001003132	EGAZ00001225012	EGAF00001156429	a956669b-82ba-4e06-8c96-90567d1365fc/analysis.a956669b-82ba-4e06-8c96-90567d1365fc.GNOS.xml.gz	EGAN00001376026	GC12336T	SA542843	63f5bb12-1b20-49d4-9e98-570e368f947d	GACA-CN
EGAD00001003132	EGAZ00001225012	EGAF00001156427	a956669b-82ba-4e06-8c96-90567d1365fc/fbcb9894d233030bfcbb66532c009f61.bam	EGAN00001376026	GC12336T	SA542843	63f5bb12-1b20-49d4-9e98-570e368f947d	GACA-CN
EGAD00001003132	EGAZ00001225013	EGAF00001157037	aec7dd99-c219-48a9-afd6-c973835920f2/c6b1d94e803578fc2396a2b1527af760.bam.bai	EGAN00001376030	GC13627T	SA542865	c73f3f82-3091-46dd-b667-e96a1d8c501c	GACA-CN
EGAD00001003132	EGAZ00001225013	EGAF00001157038	aec7dd99-c219-48a9-afd6-c973835920f2/analysis.aec7dd99-c219-48a9-afd6-c973835920f2.GNOS.xml.gz	EGAN00001376030	GC13627T	SA542865	c73f3f82-3091-46dd-b667-e96a1d8c501c	GACA-CN
EGAD00001003132	EGAZ00001225013	EGAF00001157036	aec7dd99-c219-48a9-afd6-c973835920f2/c6b1d94e803578fc2396a2b1527af760.bam	EGAN00001376030	GC13627T	SA542865	c73f3f82-3091-46dd-b667-e96a1d8c501c	GACA-CN
EGAD00001003132	EGAZ00001225014	EGAF00001156432	b1ed3d19-786f-4acd-a7d4-0c97a317ac61/analysis.b1ed3d19-786f-4acd-a7d4-0c97a317ac61.GNOS.xml.gz	EGAN00001376060	GC12195T	SA569081	7e036d40-b669-4929-a1e2-c4736e01a473	GACA-CN
EGAD00001003132	EGAZ00001225014	EGAF00001156430	b1ed3d19-786f-4acd-a7d4-0c97a317ac61/3cc87374deb15e23c52a96623a3f047a.bam	EGAN00001376060	GC12195T	SA569081	7e036d40-b669-4929-a1e2-c4736e01a473	GACA-CN
EGAD00001003132	EGAZ00001225014	EGAF00001156431	b1ed3d19-786f-4acd-a7d4-0c97a317ac61/3cc87374deb15e23c52a96623a3f047a.bam.bai	EGAN00001376060	GC12195T	SA569081	7e036d40-b669-4929-a1e2-c4736e01a473	GACA-CN
EGAD00001003132	EGAZ00001225015	EGAF00001157041	b53e97c1-358c-4153-b02a-e6390f4b1e9f/analysis.b53e97c1-358c-4153-b02a-e6390f4b1e9f.GNOS.xml.gz	EGAN00001376044	GC13628T	SA543234	dd9d2e9e-02dc-40fc-842b-c5b9707fca56	GACA-CN
EGAD00001003132	EGAZ00001225015	EGAF00001157039	b53e97c1-358c-4153-b02a-e6390f4b1e9f/ed0de188f1811585fe9951d3c25b746c.bam	EGAN00001376044	GC13628T	SA543234	dd9d2e9e-02dc-40fc-842b-c5b9707fca56	GACA-CN
EGAD00001003132	EGAZ00001225015	EGAF00001157040	b53e97c1-358c-4153-b02a-e6390f4b1e9f/ed0de188f1811585fe9951d3c25b746c.bam.bai	EGAN00001376044	GC13628T	SA543234	dd9d2e9e-02dc-40fc-842b-c5b9707fca56	GACA-CN
EGAD00001003132	EGAZ00001225016	EGAF00001156434	bb588575-11be-4f04-9b96-e510d10c4a3a/dbdd8d1ab8075ed6218c0e74fe3c808e.bam.bai	EGAN00001376054	GC12344T	SA543593	1b8fe07d-859c-4d91-ade1-6b2bcb5774ce	GACA-CN
EGAD00001003132	EGAZ00001225016	EGAF00001156433	bb588575-11be-4f04-9b96-e510d10c4a3a/dbdd8d1ab8075ed6218c0e74fe3c808e.bam	EGAN00001376054	GC12344T	SA543593	1b8fe07d-859c-4d91-ade1-6b2bcb5774ce	GACA-CN
EGAD00001003132	EGAZ00001225016	EGAF00001156435	bb588575-11be-4f04-9b96-e510d10c4a3a/analysis.bb588575-11be-4f04-9b96-e510d10c4a3a.GNOS.xml.gz	EGAN00001376054	GC12344T	SA543593	1b8fe07d-859c-4d91-ade1-6b2bcb5774ce	GACA-CN
EGAD00001003132	EGAZ00001225017	EGAF00001157044	bc55200f-f9ce-4c4c-9f2e-ba46e5dc0035/analysis.bc55200f-f9ce-4c4c-9f2e-ba46e5dc0035.GNOS.xml.gz	EGAN00001376013	GC13776N	SA544367	128c7df1-1350-4311-8ec2-17c55875260a	GACA-CN
EGAD00001003132	EGAZ00001225017	EGAF00001157042	bc55200f-f9ce-4c4c-9f2e-ba46e5dc0035/82a89474fb938d10da1d56a1e11b687a.bam	EGAN00001376013	GC13776N	SA544367	128c7df1-1350-4311-8ec2-17c55875260a	GACA-CN
EGAD00001003132	EGAZ00001225017	EGAF00001157043	bc55200f-f9ce-4c4c-9f2e-ba46e5dc0035/82a89474fb938d10da1d56a1e11b687a.bam.bai	EGAN00001376013	GC13776N	SA544367	128c7df1-1350-4311-8ec2-17c55875260a	GACA-CN
EGAD00001003132	EGAZ00001225018	EGAF00001156438	bcc00930-ff25-451f-8d00-5219fe84da8f/analysis.bcc00930-ff25-451f-8d00-5219fe84da8f.GNOS.xml.gz	EGAN00001376045	GC12180N	SA569078	e3f09e45-b848-43ee-bc17-4eebe91c1829	GACA-CN
EGAD00001003132	EGAZ00001225018	EGAF00001156436	bcc00930-ff25-451f-8d00-5219fe84da8f/84c80b4c774406473a49123c681fec4f.bam	EGAN00001376045	GC12180N	SA569078	e3f09e45-b848-43ee-bc17-4eebe91c1829	GACA-CN
EGAD00001003132	EGAZ00001225018	EGAF00001156437	bcc00930-ff25-451f-8d00-5219fe84da8f/84c80b4c774406473a49123c681fec4f.bam.bai	EGAN00001376045	GC12180N	SA569078	e3f09e45-b848-43ee-bc17-4eebe91c1829	GACA-CN
EGAD00001003132	EGAZ00001225019	EGAF00001157046	c02e7a96-9a87-4c48-bbdd-b06acc160657/eade0e62f97a773b442647b0fd27d375.bam.bai	EGAN00001376009	GC12322N	SA569071	bf494e2f-4a52-4e7d-858d-664743fc6ee0	GACA-CN
EGAD00001003132	EGAZ00001225019	EGAF00001157047	c02e7a96-9a87-4c48-bbdd-b06acc160657/analysis.c02e7a96-9a87-4c48-bbdd-b06acc160657.GNOS.xml.gz	EGAN00001376009	GC12322N	SA569071	bf494e2f-4a52-4e7d-858d-664743fc6ee0	GACA-CN
EGAD00001003132	EGAZ00001225019	EGAF00001157045	c02e7a96-9a87-4c48-bbdd-b06acc160657/eade0e62f97a773b442647b0fd27d375.bam	EGAN00001376009	GC12322N	SA569071	bf494e2f-4a52-4e7d-858d-664743fc6ee0	GACA-CN
EGAD00001003132	EGAZ00001225020	EGAF00001156441	c2443dd0-12ec-4659-a1b6-40845a0dec18/analysis.c2443dd0-12ec-4659-a1b6-40845a0dec18.GNOS.xml.gz	EGAN00001376057	GC13008N	SA545065	3a745274-644b-4a8b-8852-f82139016bb4	GACA-CN
EGAD00001003132	EGAZ00001225020	EGAF00001156440	c2443dd0-12ec-4659-a1b6-40845a0dec18/5c914a118172671ff964d074455701aa.bam.bai	EGAN00001376057	GC13008N	SA545065	3a745274-644b-4a8b-8852-f82139016bb4	GACA-CN
EGAD00001003132	EGAZ00001225020	EGAF00001156439	c2443dd0-12ec-4659-a1b6-40845a0dec18/5c914a118172671ff964d074455701aa.bam	EGAN00001376057	GC13008N	SA545065	3a745274-644b-4a8b-8852-f82139016bb4	GACA-CN
EGAD00001003132	EGAZ00001225021	EGAF00001157050	c28ebd76-f0a5-42be-b2e6-b39f2cd007c1/analysis.c28ebd76-f0a5-42be-b2e6-b39f2cd007c1.GNOS.xml.gz	EGAN00001376027	GC12342N	SA569073	d0954288-1541-4cad-be04-f958da5f9298	GACA-CN
EGAD00001003132	EGAZ00001225021	EGAF00001157049	c28ebd76-f0a5-42be-b2e6-b39f2cd007c1/426b27724833474fcc33543fab779099.bam.bai	EGAN00001376027	GC12342N	SA569073	d0954288-1541-4cad-be04-f958da5f9298	GACA-CN
EGAD00001003132	EGAZ00001225021	EGAF00001157048	c28ebd76-f0a5-42be-b2e6-b39f2cd007c1/426b27724833474fcc33543fab779099.bam	EGAN00001376027	GC12342N	SA569073	d0954288-1541-4cad-be04-f958da5f9298	GACA-CN
EGAD00001003132	EGAZ00001225022	EGAF00001156442	c29a761b-b7b0-407e-b7f9-74c18ad7ec8d/d26beb024040e7405336ded3d200bf7f.bam	EGAN00001376079	GC13707N	SA545378	2ed935bf-a709-48ae-8184-d4f8dc7b7f30	GACA-CN
EGAD00001003132	EGAZ00001225022	EGAF00001156443	c29a761b-b7b0-407e-b7f9-74c18ad7ec8d/d26beb024040e7405336ded3d200bf7f.bam.bai	EGAN00001376079	GC13707N	SA545378	2ed935bf-a709-48ae-8184-d4f8dc7b7f30	GACA-CN
EGAD00001003132	EGAZ00001225022	EGAF00001156444	c29a761b-b7b0-407e-b7f9-74c18ad7ec8d/analysis.c29a761b-b7b0-407e-b7f9-74c18ad7ec8d.GNOS.xml.gz	EGAN00001376079	GC13707N	SA545378	2ed935bf-a709-48ae-8184-d4f8dc7b7f30	GACA-CN
EGAD00001003132	EGAZ00001225023	EGAF00001157052	c359de0a-939e-4630-98f9-538a0e58abcd/b63ddda459dc4e7e082c5847ddc0f6c2.bam.bai	EGAN00001376062	GC12327T	SA543730	55e520f4-0e4b-41a2-9951-c4e9f323100b	GACA-CN
EGAD00001003132	EGAZ00001225023	EGAF00001157051	c359de0a-939e-4630-98f9-538a0e58abcd/b63ddda459dc4e7e082c5847ddc0f6c2.bam	EGAN00001376062	GC12327T	SA543730	55e520f4-0e4b-41a2-9951-c4e9f323100b	GACA-CN
EGAD00001003132	EGAZ00001225023	EGAF00001157053	c359de0a-939e-4630-98f9-538a0e58abcd/analysis.c359de0a-939e-4630-98f9-538a0e58abcd.GNOS.xml.gz	EGAN00001376062	GC12327T	SA543730	55e520f4-0e4b-41a2-9951-c4e9f323100b	GACA-CN
EGAD00001003132	EGAZ00001225024	EGAF00001156445	c46279ff-c747-4e57-a48d-5706bcb76986/9e88071efcc89015c07827595760a69a.bam	EGAN00001376002	GC12008T	SA569075	498ecf81-921d-4df9-a6a4-a625f484e823	GACA-CN
EGAD00001003132	EGAZ00001225024	EGAF00001156447	c46279ff-c747-4e57-a48d-5706bcb76986/analysis.c46279ff-c747-4e57-a48d-5706bcb76986.GNOS.xml.gz	EGAN00001376002	GC12008T	SA569075	498ecf81-921d-4df9-a6a4-a625f484e823	GACA-CN
EGAD00001003132	EGAZ00001225024	EGAF00001156446	c46279ff-c747-4e57-a48d-5706bcb76986/9e88071efcc89015c07827595760a69a.bam.bai	EGAN00001376002	GC12008T	SA569075	498ecf81-921d-4df9-a6a4-a625f484e823	GACA-CN
EGAD00001003132	EGAZ00001225025	EGAF00001157056	c5ebc72d-24ef-4fb0-876d-bbe989c7d089/analysis.c5ebc72d-24ef-4fb0-876d-bbe989c7d089.GNOS.xml.gz	EGAN00001376014	GC13776T	SA542486	7eb0f792-858f-45d1-a908-125b02ea1506	GACA-CN
EGAD00001003132	EGAZ00001225025	EGAF00001157054	c5ebc72d-24ef-4fb0-876d-bbe989c7d089/0407ea469e4d7da53ba545c884a56184.bam	EGAN00001376014	GC13776T	SA542486	7eb0f792-858f-45d1-a908-125b02ea1506	GACA-CN
EGAD00001003132	EGAZ00001225025	EGAF00001157055	c5ebc72d-24ef-4fb0-876d-bbe989c7d089/0407ea469e4d7da53ba545c884a56184.bam.bai	EGAN00001376014	GC13776T	SA542486	7eb0f792-858f-45d1-a908-125b02ea1506	GACA-CN
EGAD00001003132	EGAZ00001225026	EGAF00001156449	cccd1009-0bee-4899-bfd5-9c146f33c783/74c5d4affdd8a392c8751d40b68c29ed.bam.bai	EGAN00001376059	GC12195N	SA560569	a4175ca0-5f9c-4858-aa46-9e63a0314605	GACA-CN
EGAD00001003132	EGAZ00001225026	EGAF00001156448	cccd1009-0bee-4899-bfd5-9c146f33c783/74c5d4affdd8a392c8751d40b68c29ed.bam	EGAN00001376059	GC12195N	SA560569	a4175ca0-5f9c-4858-aa46-9e63a0314605	GACA-CN
EGAD00001003132	EGAZ00001225026	EGAF00001156450	cccd1009-0bee-4899-bfd5-9c146f33c783/analysis.cccd1009-0bee-4899-bfd5-9c146f33c783.GNOS.xml.gz	EGAN00001376059	GC12195N	SA560569	a4175ca0-5f9c-4858-aa46-9e63a0314605	GACA-CN
EGAD00001003132	EGAZ00001225027	EGAF00001157058	cda26432-0d12-4b44-82fd-e6a35a708b1c/f94b3e298940bd3a123b54d3276cecfd.bam.bai	EGAN00001376047	GC12305N	SA569079	74587716-a5f5-461c-8a7e-7fe81872acc6	GACA-CN
EGAD00001003132	EGAZ00001225027	EGAF00001157057	cda26432-0d12-4b44-82fd-e6a35a708b1c/f94b3e298940bd3a123b54d3276cecfd.bam	EGAN00001376047	GC12305N	SA569079	74587716-a5f5-461c-8a7e-7fe81872acc6	GACA-CN
EGAD00001003132	EGAZ00001225027	EGAF00001157059	cda26432-0d12-4b44-82fd-e6a35a708b1c/analysis.cda26432-0d12-4b44-82fd-e6a35a708b1c.GNOS.xml.gz	EGAN00001376047	GC12305N	SA569079	74587716-a5f5-461c-8a7e-7fe81872acc6	GACA-CN
EGAD00001003132	EGAZ00001225028	EGAF00001156451	ce03be29-75bd-4ef9-8332-a154f15e40c7/dfe053a0b4fb2f35acd8e7f3b592b6e9.bam	EGAN00001376001	GC12008N	SA560542	a1bf5af7-aae5-4a96-85d0-97fb1449d730	GACA-CN
EGAD00001003132	EGAZ00001225028	EGAF00001156453	ce03be29-75bd-4ef9-8332-a154f15e40c7/analysis.ce03be29-75bd-4ef9-8332-a154f15e40c7.GNOS.xml.gz	EGAN00001376001	GC12008N	SA560542	a1bf5af7-aae5-4a96-85d0-97fb1449d730	GACA-CN
EGAD00001003132	EGAZ00001225028	EGAF00001156452	ce03be29-75bd-4ef9-8332-a154f15e40c7/dfe053a0b4fb2f35acd8e7f3b592b6e9.bam.bai	EGAN00001376001	GC12008N	SA560542	a1bf5af7-aae5-4a96-85d0-97fb1449d730	GACA-CN
EGAD00001003132	EGAZ00001225029	EGAF00001157062	ce14a64e-9cef-4016-9f1a-6efe42af9b2d/analysis.ce14a64e-9cef-4016-9f1a-6efe42af9b2d.GNOS.xml.gz	EGAN00001376024	GC12333T	SA542965	34a445c2-1eb4-4a9f-8838-cddc2f82aae4	GACA-CN
EGAD00001003132	EGAZ00001225029	EGAF00001157061	ce14a64e-9cef-4016-9f1a-6efe42af9b2d/3405d6fc0e941fd73d51ba8fff71c12d.bam.bai	EGAN00001376024	GC12333T	SA542965	34a445c2-1eb4-4a9f-8838-cddc2f82aae4	GACA-CN
EGAD00001003132	EGAZ00001225029	EGAF00001157060	ce14a64e-9cef-4016-9f1a-6efe42af9b2d/3405d6fc0e941fd73d51ba8fff71c12d.bam	EGAN00001376024	GC12333T	SA542965	34a445c2-1eb4-4a9f-8838-cddc2f82aae4	GACA-CN
EGAD00001003132	EGAZ00001225030	EGAF00001156456	ce21f53e-0877-4ee0-bcf3-459443734b5b/analysis.ce21f53e-0877-4ee0-bcf3-459443734b5b.GNOS.xml.gz	EGAN00001375998	GC12335T	SA542473	8867bdef-3a8d-433e-b10f-d752e2cbb022	GACA-CN
EGAD00001003132	EGAZ00001225030	EGAF00001156455	ce21f53e-0877-4ee0-bcf3-459443734b5b/444d1cf922841fb649a8dc74a1c2e992.bam.bai	EGAN00001375998	GC12335T	SA542473	8867bdef-3a8d-433e-b10f-d752e2cbb022	GACA-CN
EGAD00001003132	EGAZ00001225030	EGAF00001156454	ce21f53e-0877-4ee0-bcf3-459443734b5b/444d1cf922841fb649a8dc74a1c2e992.bam	EGAN00001375998	GC12335T	SA542473	8867bdef-3a8d-433e-b10f-d752e2cbb022	GACA-CN
EGAD00001003132	EGAZ00001225031	EGAF00001157065	d0218433-caee-41b0-87fd-269e530c7273/analysis.d0218433-caee-41b0-87fd-269e530c7273.GNOS.xml.gz	EGAN00001376041	GC13006N	SA544832	cb58edf5-7da9-4d23-950e-db5f7710931d	GACA-CN
EGAD00001003132	EGAZ00001225031	EGAF00001157064	d0218433-caee-41b0-87fd-269e530c7273/4fe2c5a330ff4711cf51ff004b229bac.bam.bai	EGAN00001376041	GC13006N	SA544832	cb58edf5-7da9-4d23-950e-db5f7710931d	GACA-CN
EGAD00001003132	EGAZ00001225031	EGAF00001157063	d0218433-caee-41b0-87fd-269e530c7273/4fe2c5a330ff4711cf51ff004b229bac.bam	EGAN00001376041	GC13006N	SA544832	cb58edf5-7da9-4d23-950e-db5f7710931d	GACA-CN
EGAD00001003132	EGAZ00001225032	EGAF00001156457	d97cf044-2617-4655-b706-8b76abf9f1ed/3056e0df8143ec49b1e5d3f3793884db.bam	EGAN00001376008	GC12331T	SA542564	0e54cea2-d568-4a33-b9db-b698844e6ad9	GACA-CN
EGAD00001003132	EGAZ00001225032	EGAF00001156459	d97cf044-2617-4655-b706-8b76abf9f1ed/analysis.d97cf044-2617-4655-b706-8b76abf9f1ed.GNOS.xml.gz	EGAN00001376008	GC12331T	SA542564	0e54cea2-d568-4a33-b9db-b698844e6ad9	GACA-CN
EGAD00001003132	EGAZ00001225032	EGAF00001156458	d97cf044-2617-4655-b706-8b76abf9f1ed/3056e0df8143ec49b1e5d3f3793884db.bam.bai	EGAN00001376008	GC12331T	SA542564	0e54cea2-d568-4a33-b9db-b698844e6ad9	GACA-CN
EGAD00001003132	EGAZ00001225033	EGAF00001157066	d9fcdbd0-241f-413e-a3c8-4694e804c6ed/f4b2b1257cd379e8dc6449f45365174c.bam	EGAN00001376069	GC12347N	SA545291	790d32ae-e3f6-40ba-b555-2bbf0eea520e	GACA-CN
EGAD00001003132	EGAZ00001225033	EGAF00001157067	d9fcdbd0-241f-413e-a3c8-4694e804c6ed/f4b2b1257cd379e8dc6449f45365174c.bam.bai	EGAN00001376069	GC12347N	SA545291	790d32ae-e3f6-40ba-b555-2bbf0eea520e	GACA-CN
EGAD00001003132	EGAZ00001225033	EGAF00001157068	d9fcdbd0-241f-413e-a3c8-4694e804c6ed/analysis.d9fcdbd0-241f-413e-a3c8-4694e804c6ed.GNOS.xml.gz	EGAN00001376069	GC12347N	SA545291	790d32ae-e3f6-40ba-b555-2bbf0eea520e	GACA-CN
EGAD00001003132	EGAZ00001225034	EGAF00001156461	dc1ee7e2-f9c4-440d-860a-1dca8f0499d5/3446c6c40e1dcf00f53b07399fc35886.bam.bai	EGAN00001376031	GC13778N	SA544707	adbeb3a1-ea45-48c2-b085-61b12e376514	GACA-CN
EGAD00001003132	EGAZ00001225034	EGAF00001156460	dc1ee7e2-f9c4-440d-860a-1dca8f0499d5/3446c6c40e1dcf00f53b07399fc35886.bam	EGAN00001376031	GC13778N	SA544707	adbeb3a1-ea45-48c2-b085-61b12e376514	GACA-CN
EGAD00001003132	EGAZ00001225034	EGAF00001156462	dc1ee7e2-f9c4-440d-860a-1dca8f0499d5/analysis.dc1ee7e2-f9c4-440d-860a-1dca8f0499d5.GNOS.xml.gz	EGAN00001376031	GC13778N	SA544707	adbeb3a1-ea45-48c2-b085-61b12e376514	GACA-CN
EGAD00001003132	EGAZ00001225035	EGAF00001157071	dc8d090b-9617-4fe2-abbd-8c29c7dc4e54/analysis.dc8d090b-9617-4fe2-abbd-8c29c7dc4e54.GNOS.xml.gz	EGAN00001376023	GC12333N	SA544624	b27f0369-1a39-4bad-a687-19f05584ee3e	GACA-CN
EGAD00001003132	EGAZ00001225035	EGAF00001157069	dc8d090b-9617-4fe2-abbd-8c29c7dc4e54/09b0e793bd4bb98f577899550469a30a.bam	EGAN00001376023	GC12333N	SA544624	b27f0369-1a39-4bad-a687-19f05584ee3e	GACA-CN
EGAD00001003132	EGAZ00001225035	EGAF00001157070	dc8d090b-9617-4fe2-abbd-8c29c7dc4e54/09b0e793bd4bb98f577899550469a30a.bam.bai	EGAN00001376023	GC12333N	SA544624	b27f0369-1a39-4bad-a687-19f05584ee3e	GACA-CN
EGAD00001003132	EGAZ00001225036	EGAF00001156465	e0115b03-4f4e-4f24-8dcc-135e6ef74300/analysis.e0115b03-4f4e-4f24-8dcc-135e6ef74300.GNOS.xml.gz	EGAN00001376052	GC13686T	SA569077	d91e1a92-837d-44d6-92d8-419f435effe0	GACA-CN
EGAD00001003132	EGAZ00001225036	EGAF00001156464	e0115b03-4f4e-4f24-8dcc-135e6ef74300/49466164d331f2fe53d8aceefa348ae1.bam.bai	EGAN00001376052	GC13686T	SA569077	d91e1a92-837d-44d6-92d8-419f435effe0	GACA-CN
EGAD00001003132	EGAZ00001225036	EGAF00001156463	e0115b03-4f4e-4f24-8dcc-135e6ef74300/49466164d331f2fe53d8aceefa348ae1.bam	EGAN00001376052	GC13686T	SA569077	d91e1a92-837d-44d6-92d8-419f435effe0	GACA-CN
EGAD00001003132	EGAZ00001225037	EGAF00001157074	e102b2e7-1909-42ba-bac8-334e2ab486a1/analysis.e102b2e7-1909-42ba-bac8-334e2ab486a1.GNOS.xml.gz	EGAN00001376032	GC13778T	SA543051	25f07374-313a-4100-9a60-3d21d2988fca	GACA-CN
EGAD00001003132	EGAZ00001225037	EGAF00001157072	e102b2e7-1909-42ba-bac8-334e2ab486a1/2fc5b79b0c13598c2965666a564d1eb4.bam	EGAN00001376032	GC13778T	SA543051	25f07374-313a-4100-9a60-3d21d2988fca	GACA-CN
EGAD00001003132	EGAZ00001225037	EGAF00001157073	e102b2e7-1909-42ba-bac8-334e2ab486a1/2fc5b79b0c13598c2965666a564d1eb4.bam.bai	EGAN00001376032	GC13778T	SA543051	25f07374-313a-4100-9a60-3d21d2988fca	GACA-CN
EGAD00001003132	EGAZ00001225038	EGAF00001156467	e9b5f858-074c-46e4-b5da-1f81863c994b/c4c7510e733fc3bb8f45f576717c635c.bam.bai	EGAN00001376046	GC12180T	SA560559	08d2a566-8407-4e9b-836c-bf5e1e9f85b2	GACA-CN
EGAD00001003132	EGAZ00001225038	EGAF00001156466	e9b5f858-074c-46e4-b5da-1f81863c994b/c4c7510e733fc3bb8f45f576717c635c.bam	EGAN00001376046	GC12180T	SA560559	08d2a566-8407-4e9b-836c-bf5e1e9f85b2	GACA-CN
EGAD00001003132	EGAZ00001225038	EGAF00001156468	e9b5f858-074c-46e4-b5da-1f81863c994b/analysis.e9b5f858-074c-46e4-b5da-1f81863c994b.GNOS.xml.gz	EGAN00001376046	GC12180T	SA560559	08d2a566-8407-4e9b-836c-bf5e1e9f85b2	GACA-CN
EGAD00001003132	EGAZ00001225039	EGAF00001157077	e9e141f0-7be9-4ee5-ad68-3844f03c7d68/analysis.e9e141f0-7be9-4ee5-ad68-3844f03c7d68.GNOS.xml.gz	EGAN00001376068	GC12345T	SA544009	65be412d-46c3-4cbf-9b46-b35351e53065	GACA-CN
EGAD00001003132	EGAZ00001225039	EGAF00001157076	e9e141f0-7be9-4ee5-ad68-3844f03c7d68/e60a9577598af1bf384937795421bb6b.bam.bai	EGAN00001376068	GC12345T	SA544009	65be412d-46c3-4cbf-9b46-b35351e53065	GACA-CN
EGAD00001003132	EGAZ00001225039	EGAF00001157075	e9e141f0-7be9-4ee5-ad68-3844f03c7d68/e60a9577598af1bf384937795421bb6b.bam	EGAN00001376068	GC12345T	SA544009	65be412d-46c3-4cbf-9b46-b35351e53065	GACA-CN
EGAD00001003132	EGAZ00001225040	EGAF00001156469	ebf6c71b-9f2c-4a63-a1aa-e5731dbc1275/07310093bdd093535eef79a2bc030d83.bam	EGAN00001376067	GC12345N	SA545277	b4220996-3e6a-46a5-9f86-7b2c152669fd	GACA-CN
EGAD00001003132	EGAZ00001225040	EGAF00001156470	ebf6c71b-9f2c-4a63-a1aa-e5731dbc1275/07310093bdd093535eef79a2bc030d83.bam.bai	EGAN00001376067	GC12345N	SA545277	b4220996-3e6a-46a5-9f86-7b2c152669fd	GACA-CN
EGAD00001003132	EGAZ00001225040	EGAF00001156471	ebf6c71b-9f2c-4a63-a1aa-e5731dbc1275/analysis.ebf6c71b-9f2c-4a63-a1aa-e5731dbc1275.GNOS.xml.gz	EGAN00001376067	GC12345N	SA545277	b4220996-3e6a-46a5-9f86-7b2c152669fd	GACA-CN
EGAD00001003132	EGAZ00001225041	EGAF00001157078	ef051138-4ea6-4904-a5a3-5567dfd0621e/57c3bf61e7bcac81351bbb51a4fc8e3b.bam	EGAN00001376064	GC13687T	SA543594	b49d5310-3cc5-4386-9444-cf0d61b52376	GACA-CN
EGAD00001003132	EGAZ00001225041	EGAF00001157080	ef051138-4ea6-4904-a5a3-5567dfd0621e/analysis.ef051138-4ea6-4904-a5a3-5567dfd0621e.GNOS.xml.gz	EGAN00001376064	GC13687T	SA543594	b49d5310-3cc5-4386-9444-cf0d61b52376	GACA-CN
EGAD00001003132	EGAZ00001225041	EGAF00001157079	ef051138-4ea6-4904-a5a3-5567dfd0621e/57c3bf61e7bcac81351bbb51a4fc8e3b.bam.bai	EGAN00001376064	GC13687T	SA543594	b49d5310-3cc5-4386-9444-cf0d61b52376	GACA-CN
EGAD00001003132	EGAZ00001225042	EGAF00001156472	f127efc5-8c10-4b27-a40d-57e60f57ef4a/3f3df403e1a90886b048ff822b060ebb.bam	EGAN00001376051	GC13686N	SA560562	b9906725-49f4-416d-9efb-554a8a8a0cb3	GACA-CN
EGAD00001003132	EGAZ00001225042	EGAF00001156473	f127efc5-8c10-4b27-a40d-57e60f57ef4a/3f3df403e1a90886b048ff822b060ebb.bam.bai	EGAN00001376051	GC13686N	SA560562	b9906725-49f4-416d-9efb-554a8a8a0cb3	GACA-CN
EGAD00001003132	EGAZ00001225042	EGAF00001156474	f127efc5-8c10-4b27-a40d-57e60f57ef4a/analysis.f127efc5-8c10-4b27-a40d-57e60f57ef4a.GNOS.xml.gz	EGAN00001376051	GC13686N	SA560562	b9906725-49f4-416d-9efb-554a8a8a0cb3	GACA-CN
EGAD00001003132	EGAZ00001225043	EGAF00001157081	f752862e-c6fc-4ac7-a842-ed8d19259576/6e8da57983943a404cf305f2360c6c01.bam	EGAN00001376043	GC13628N	SA544819	15cd9fb2-a18d-4a4b-9893-6c0b5525d79d	GACA-CN
EGAD00001003132	EGAZ00001225043	EGAF00001157082	f752862e-c6fc-4ac7-a842-ed8d19259576/6e8da57983943a404cf305f2360c6c01.bam.bai	EGAN00001376043	GC13628N	SA544819	15cd9fb2-a18d-4a4b-9893-6c0b5525d79d	GACA-CN
EGAD00001003132	EGAZ00001225043	EGAF00001157083	f752862e-c6fc-4ac7-a842-ed8d19259576/analysis.f752862e-c6fc-4ac7-a842-ed8d19259576.GNOS.xml.gz	EGAN00001376043	GC13628N	SA544819	15cd9fb2-a18d-4a4b-9893-6c0b5525d79d	GACA-CN
EGAD00001003132	EGAZ00001225044	EGAF00001156476	f78a25c1-e690-40e9-8064-c27dca5bda2d/6e2ac2031f557745e4d4dceab70707c2.bam.bai	EGAN00001376055	GC12346N	SA545064	54caa8bb-e3cf-4e4b-82cd-6d699953685d	GACA-CN
EGAD00001003132	EGAZ00001225044	EGAF00001156475	f78a25c1-e690-40e9-8064-c27dca5bda2d/6e2ac2031f557745e4d4dceab70707c2.bam	EGAN00001376055	GC12346N	SA545064	54caa8bb-e3cf-4e4b-82cd-6d699953685d	GACA-CN
EGAD00001003132	EGAZ00001225044	EGAF00001156477	f78a25c1-e690-40e9-8064-c27dca5bda2d/analysis.f78a25c1-e690-40e9-8064-c27dca5bda2d.GNOS.xml.gz	EGAN00001376055	GC12346N	SA545064	54caa8bb-e3cf-4e4b-82cd-6d699953685d	GACA-CN
EGAD00001003132	EGAZ00001225045	EGAF00001157085	f943b5f7-5f0d-4a6c-98b2-c8454a9699d1/3d1d8286528052dbb037ce95a00c462c.bam.bai	EGAN00001376022	GC12324T	SA542966	eb18e71d-2a27-4eae-aa27-4b2c0716d2ba	GACA-CN
EGAD00001003132	EGAZ00001225045	EGAF00001157086	f943b5f7-5f0d-4a6c-98b2-c8454a9699d1/analysis.f943b5f7-5f0d-4a6c-98b2-c8454a9699d1.GNOS.xml.gz	EGAN00001376022	GC12324T	SA542966	eb18e71d-2a27-4eae-aa27-4b2c0716d2ba	GACA-CN
EGAD00001003132	EGAZ00001225045	EGAF00001157084	f943b5f7-5f0d-4a6c-98b2-c8454a9699d1/3d1d8286528052dbb037ce95a00c462c.bam	EGAN00001376022	GC12324T	SA542966	eb18e71d-2a27-4eae-aa27-4b2c0716d2ba	GACA-CN
EGAD00001003132	EGAZ00001225046	EGAF00001156478	f979d3ad-c00b-4e0b-94ee-a2a9e9e35e66/b7729adc6c919f69aa32ad5fbdce906b.bam	EGAN00001376070	GC12347T	SA544045	dc107863-2c7d-4b19-8afb-666c7798f0da	GACA-CN
EGAD00001003132	EGAZ00001225046	EGAF00001156479	f979d3ad-c00b-4e0b-94ee-a2a9e9e35e66/b7729adc6c919f69aa32ad5fbdce906b.bam.bai	EGAN00001376070	GC12347T	SA544045	dc107863-2c7d-4b19-8afb-666c7798f0da	GACA-CN
EGAD00001003132	EGAZ00001225046	EGAF00001156480	f979d3ad-c00b-4e0b-94ee-a2a9e9e35e66/analysis.f979d3ad-c00b-4e0b-94ee-a2a9e9e35e66.GNOS.xml.gz	EGAN00001376070	GC12347T	SA544045	dc107863-2c7d-4b19-8afb-666c7798f0da	GACA-CN
EGAD00001003132	EGAZ00001225047	EGAF00001157087	fe8829c4-014f-4974-b39b-0e57713b112e/cf0a644894003fee54e8070d6d5967a3.bam	EGAN00001376006	GC13034T	SA542479	d7f8e1f3-a9a7-4929-92df-1283bac815d2	GACA-CN
EGAD00001003132	EGAZ00001225047	EGAF00001157088	fe8829c4-014f-4974-b39b-0e57713b112e/cf0a644894003fee54e8070d6d5967a3.bam.bai	EGAN00001376006	GC13034T	SA542479	d7f8e1f3-a9a7-4929-92df-1283bac815d2	GACA-CN
EGAD00001003132	EGAZ00001225047	EGAF00001157089	fe8829c4-014f-4974-b39b-0e57713b112e/analysis.fe8829c4-014f-4974-b39b-0e57713b112e.GNOS.xml.gz	EGAN00001376006	GC13034T	SA542479	d7f8e1f3-a9a7-4929-92df-1283bac815d2	GACA-CN
