dataset_id	analysis_id	file_id	file
EGAD00001002157	EGAZ00001230344	EGAF00001197419	7e7c29a6-34c1-44a3-bc11-1597bf6a399b/0a2055597b75c8cb09569f964bf87dc0.bam
EGAD00001002157	EGAZ00001230344	EGAF00001197420	7e7c29a6-34c1-44a3-bc11-1597bf6a399b/0a2055597b75c8cb09569f964bf87dc0.bam.bai
EGAD00001002157	EGAZ00001230344	EGAF00001197421	7e7c29a6-34c1-44a3-bc11-1597bf6a399b/analysis.7e7c29a6-34c1-44a3-bc11-1597bf6a399b.GNOS.xml.gz
EGAD00001002157	EGAZ00001230345	EGAF00001197026	1fa9958e-d749-4375-aae4-db9086e4a55a/3b841dadfb48e1c0bbc0e3ca511704a6.bam
EGAD00001002157	EGAZ00001230345	EGAF00001197027	1fa9958e-d749-4375-aae4-db9086e4a55a/3b841dadfb48e1c0bbc0e3ca511704a6.bam.bai
EGAD00001002157	EGAZ00001230345	EGAF00001197028	1fa9958e-d749-4375-aae4-db9086e4a55a/analysis.1fa9958e-d749-4375-aae4-db9086e4a55a.GNOS.xml.gz
EGAD00001002157	EGAZ00001230346	EGAF00001197422	dc9f4e0d-69d0-4561-8b5e-c893cdcf9701/308549125b75ff801b965def886af75f.bam
EGAD00001002157	EGAZ00001230346	EGAF00001197423	dc9f4e0d-69d0-4561-8b5e-c893cdcf9701/308549125b75ff801b965def886af75f.bam.bai
EGAD00001002157	EGAZ00001230346	EGAF00001197424	dc9f4e0d-69d0-4561-8b5e-c893cdcf9701/analysis.dc9f4e0d-69d0-4561-8b5e-c893cdcf9701.GNOS.xml.gz
EGAD00001002157	EGAZ00001230347	EGAF00001197029	274e8d25-d2da-4d4c-8933-fd6f8ee1cbe5/e8424c3e7b4d0405090945801eb0771d.bam
EGAD00001002157	EGAZ00001230347	EGAF00001197030	274e8d25-d2da-4d4c-8933-fd6f8ee1cbe5/e8424c3e7b4d0405090945801eb0771d.bam.bai
EGAD00001002157	EGAZ00001230347	EGAF00001197031	274e8d25-d2da-4d4c-8933-fd6f8ee1cbe5/analysis.274e8d25-d2da-4d4c-8933-fd6f8ee1cbe5.GNOS.xml.gz
EGAD00001002157	EGAZ00001230348	EGAF00001197425	122269d4-2e78-42e4-9831-53796393944c/fdbfb9f1116fbba610f9a3918beab3cf.bam
EGAD00001002157	EGAZ00001230348	EGAF00001197426	122269d4-2e78-42e4-9831-53796393944c/fdbfb9f1116fbba610f9a3918beab3cf.bam.bai
EGAD00001002157	EGAZ00001230348	EGAF00001197427	122269d4-2e78-42e4-9831-53796393944c/analysis.122269d4-2e78-42e4-9831-53796393944c.GNOS.xml.gz
EGAD00001002157	EGAZ00001230349	EGAF00001197032	29eb120e-2252-4bca-a648-a56f1be90d78/72257687b158f130022be583e75049ee.bam
EGAD00001002157	EGAZ00001230349	EGAF00001197033	29eb120e-2252-4bca-a648-a56f1be90d78/72257687b158f130022be583e75049ee.bam.bai
EGAD00001002157	EGAZ00001230349	EGAF00001197034	29eb120e-2252-4bca-a648-a56f1be90d78/analysis.29eb120e-2252-4bca-a648-a56f1be90d78.GNOS.xml.gz
EGAD00001002157	EGAZ00001230350	EGAF00001197428	6fc21668-7d37-46f9-912d-f7140a32358b/67fd0443d0ed6c8532d410ac7ed9d936.bam
EGAD00001002157	EGAZ00001230350	EGAF00001197429	6fc21668-7d37-46f9-912d-f7140a32358b/67fd0443d0ed6c8532d410ac7ed9d936.bam.bai
EGAD00001002157	EGAZ00001230350	EGAF00001197430	6fc21668-7d37-46f9-912d-f7140a32358b/analysis.6fc21668-7d37-46f9-912d-f7140a32358b.GNOS.xml.gz
EGAD00001002157	EGAZ00001230351	EGAF00001197035	3cd0799a-5c0a-417d-9c48-3c6fd240652e/af340c13ce9ca5593bc3ebe803a83f13.bam
EGAD00001002157	EGAZ00001230351	EGAF00001197036	3cd0799a-5c0a-417d-9c48-3c6fd240652e/af340c13ce9ca5593bc3ebe803a83f13.bam.bai
EGAD00001002157	EGAZ00001230351	EGAF00001197037	3cd0799a-5c0a-417d-9c48-3c6fd240652e/analysis.3cd0799a-5c0a-417d-9c48-3c6fd240652e.GNOS.xml.gz
EGAD00001002157	EGAZ00001230352	EGAF00001197431	7c1e9496-c1d4-4a7c-a209-403c426de587/19793d407a7d7c214a2174212e381569.bam
EGAD00001002157	EGAZ00001230352	EGAF00001197432	7c1e9496-c1d4-4a7c-a209-403c426de587/19793d407a7d7c214a2174212e381569.bam.bai
EGAD00001002157	EGAZ00001230352	EGAF00001197433	7c1e9496-c1d4-4a7c-a209-403c426de587/analysis.7c1e9496-c1d4-4a7c-a209-403c426de587.GNOS.xml.gz
EGAD00001002157	EGAZ00001230353	EGAF00001197038	aa81d981-b66f-4358-be31-4da01eb9ae83/86f48ba59daccad001ff3408be56a956.bam
EGAD00001002157	EGAZ00001230353	EGAF00001197039	aa81d981-b66f-4358-be31-4da01eb9ae83/86f48ba59daccad001ff3408be56a956.bam.bai
EGAD00001002157	EGAZ00001230353	EGAF00001197040	aa81d981-b66f-4358-be31-4da01eb9ae83/analysis.aa81d981-b66f-4358-be31-4da01eb9ae83.GNOS.xml.gz
EGAD00001002157	EGAZ00001230354	EGAF00001197434	750aad6c-0b20-4144-b328-cfce2e67d904/59f445bb5e6f95638847b3df0d448d99.bam
EGAD00001002157	EGAZ00001230354	EGAF00001197435	750aad6c-0b20-4144-b328-cfce2e67d904/59f445bb5e6f95638847b3df0d448d99.bam.bai
EGAD00001002157	EGAZ00001230354	EGAF00001197436	750aad6c-0b20-4144-b328-cfce2e67d904/analysis.750aad6c-0b20-4144-b328-cfce2e67d904.GNOS.xml.gz
EGAD00001002157	EGAZ00001230355	EGAF00001197041	d4c3a300-b338-4107-8c2f-6e51c0e7f96e/4e85ad8d5a4ab55cd55630b5856863b0.bam
EGAD00001002157	EGAZ00001230355	EGAF00001197042	d4c3a300-b338-4107-8c2f-6e51c0e7f96e/4e85ad8d5a4ab55cd55630b5856863b0.bam.bai
EGAD00001002157	EGAZ00001230355	EGAF00001197043	d4c3a300-b338-4107-8c2f-6e51c0e7f96e/analysis.d4c3a300-b338-4107-8c2f-6e51c0e7f96e.GNOS.xml.gz
EGAD00001002157	EGAZ00001230356	EGAF00001197437	6bb47674-8f2c-4f11-83c3-fad5420ebdf2/421338d2b4df05dda18f87a5fd54895c.bam
EGAD00001002157	EGAZ00001230356	EGAF00001197438	6bb47674-8f2c-4f11-83c3-fad5420ebdf2/421338d2b4df05dda18f87a5fd54895c.bam.bai
EGAD00001002157	EGAZ00001230356	EGAF00001197439	6bb47674-8f2c-4f11-83c3-fad5420ebdf2/analysis.6bb47674-8f2c-4f11-83c3-fad5420ebdf2.GNOS.xml.gz
EGAD00001002157	EGAZ00001230357	EGAF00001197044	a9ab384d-9067-460a-9ed0-50ecd5218c40/14445a5ca01d0a8592b6cfd1cf0e5a6e.bam
EGAD00001002157	EGAZ00001230357	EGAF00001197045	a9ab384d-9067-460a-9ed0-50ecd5218c40/14445a5ca01d0a8592b6cfd1cf0e5a6e.bam.bai
EGAD00001002157	EGAZ00001230357	EGAF00001197046	a9ab384d-9067-460a-9ed0-50ecd5218c40/analysis.a9ab384d-9067-460a-9ed0-50ecd5218c40.GNOS.xml.gz
EGAD00001002157	EGAZ00001230358	EGAF00001197440	d28f00e9-b8a3-4b69-9a2d-249a2909f1c6/3ea5c030558a9784106395d38767561c.bam
EGAD00001002157	EGAZ00001230358	EGAF00001197441	d28f00e9-b8a3-4b69-9a2d-249a2909f1c6/3ea5c030558a9784106395d38767561c.bam.bai
EGAD00001002157	EGAZ00001230358	EGAF00001197442	d28f00e9-b8a3-4b69-9a2d-249a2909f1c6/analysis.d28f00e9-b8a3-4b69-9a2d-249a2909f1c6.GNOS.xml.gz
EGAD00001002157	EGAZ00001230359	EGAF00001197047	02c3e39e-5a34-49c0-9d27-34b7afb016f7/f412d78b3c87819f4eec5d8bbdf1a997.bam
EGAD00001002157	EGAZ00001230359	EGAF00001197048	02c3e39e-5a34-49c0-9d27-34b7afb016f7/f412d78b3c87819f4eec5d8bbdf1a997.bam.bai
EGAD00001002157	EGAZ00001230359	EGAF00001197049	02c3e39e-5a34-49c0-9d27-34b7afb016f7/analysis.02c3e39e-5a34-49c0-9d27-34b7afb016f7.GNOS.xml.gz
EGAD00001002157	EGAZ00001230360	EGAF00001197443	e5630161-1fd5-410d-88e8-77da193a3c27/e7e9bd2bdf357ee0481d99fc823bca98.bam
EGAD00001002157	EGAZ00001230360	EGAF00001197444	e5630161-1fd5-410d-88e8-77da193a3c27/e7e9bd2bdf357ee0481d99fc823bca98.bam.bai
EGAD00001002157	EGAZ00001230360	EGAF00001197445	e5630161-1fd5-410d-88e8-77da193a3c27/analysis.e5630161-1fd5-410d-88e8-77da193a3c27.GNOS.xml.gz
EGAD00001002157	EGAZ00001230361	EGAF00001197050	bb70841a-90a5-4cab-9386-fba2e24d3a5a/71d4e9ed8e08b8eda52f3b79b89b2d86.bam
EGAD00001002157	EGAZ00001230361	EGAF00001197051	bb70841a-90a5-4cab-9386-fba2e24d3a5a/71d4e9ed8e08b8eda52f3b79b89b2d86.bam.bai
EGAD00001002157	EGAZ00001230361	EGAF00001197052	bb70841a-90a5-4cab-9386-fba2e24d3a5a/analysis.bb70841a-90a5-4cab-9386-fba2e24d3a5a.GNOS.xml.gz
EGAD00001002157	EGAZ00001230362	EGAF00001197446	f492122f-5cf5-44dc-aab7-e3b36b00bd60/fb552400423e2ecd98bbfc6a81d4b6f1.bam
EGAD00001002157	EGAZ00001230362	EGAF00001197447	f492122f-5cf5-44dc-aab7-e3b36b00bd60/fb552400423e2ecd98bbfc6a81d4b6f1.bam.bai
EGAD00001002157	EGAZ00001230362	EGAF00001197448	f492122f-5cf5-44dc-aab7-e3b36b00bd60/analysis.f492122f-5cf5-44dc-aab7-e3b36b00bd60.GNOS.xml.gz
EGAD00001002157	EGAZ00001230363	EGAF00001197053	dccaf6bf-726e-4359-a111-a384709e1e3e/30b36117952125ad345a94da90f72924.bam
EGAD00001002157	EGAZ00001230363	EGAF00001197054	dccaf6bf-726e-4359-a111-a384709e1e3e/30b36117952125ad345a94da90f72924.bam.bai
EGAD00001002157	EGAZ00001230363	EGAF00001197055	dccaf6bf-726e-4359-a111-a384709e1e3e/analysis.dccaf6bf-726e-4359-a111-a384709e1e3e.GNOS.xml.gz
EGAD00001002157	EGAZ00001230364	EGAF00001197449	7c25c47d-1ede-4576-a1ac-34a1ece1a599/2bbc9adc002868f48c60cb58d3d09f4b.bam
EGAD00001002157	EGAZ00001230364	EGAF00001197450	7c25c47d-1ede-4576-a1ac-34a1ece1a599/2bbc9adc002868f48c60cb58d3d09f4b.bam.bai
EGAD00001002157	EGAZ00001230364	EGAF00001197451	7c25c47d-1ede-4576-a1ac-34a1ece1a599/analysis.7c25c47d-1ede-4576-a1ac-34a1ece1a599.GNOS.xml.gz
EGAD00001002157	EGAZ00001230365	EGAF00001197056	d46463d2-8e05-4f23-8c0b-389e87e89224/f6b949e571b3c648ca9ce1ff9d06f544.bam
EGAD00001002157	EGAZ00001230365	EGAF00001197057	d46463d2-8e05-4f23-8c0b-389e87e89224/f6b949e571b3c648ca9ce1ff9d06f544.bam.bai
EGAD00001002157	EGAZ00001230365	EGAF00001197058	d46463d2-8e05-4f23-8c0b-389e87e89224/analysis.d46463d2-8e05-4f23-8c0b-389e87e89224.GNOS.xml.gz
EGAD00001002157	EGAZ00001230366	EGAF00001197452	2c19a899-d340-473d-afbb-aa905791f39a/d2129ae26bc0aa55c751dcdcd57a98b1.bam
EGAD00001002157	EGAZ00001230366	EGAF00001197453	2c19a899-d340-473d-afbb-aa905791f39a/d2129ae26bc0aa55c751dcdcd57a98b1.bam.bai
EGAD00001002157	EGAZ00001230366	EGAF00001197454	2c19a899-d340-473d-afbb-aa905791f39a/analysis.2c19a899-d340-473d-afbb-aa905791f39a.GNOS.xml.gz
EGAD00001002157	EGAZ00001230367	EGAF00001197059	0ffb004f-060b-4138-9f89-495903f33e78/59015a441aba6d05ea6f38dffd63623d.bam
EGAD00001002157	EGAZ00001230367	EGAF00001197060	0ffb004f-060b-4138-9f89-495903f33e78/59015a441aba6d05ea6f38dffd63623d.bam.bai
EGAD00001002157	EGAZ00001230367	EGAF00001197061	0ffb004f-060b-4138-9f89-495903f33e78/analysis.0ffb004f-060b-4138-9f89-495903f33e78.GNOS.xml.gz
EGAD00001002157	EGAZ00001230368	EGAF00001197455	f51e8184-2e24-457c-84b0-daf908d6cf85/7e2b438acf73747af8141a4a45b5b75a.bam
EGAD00001002157	EGAZ00001230368	EGAF00001197456	f51e8184-2e24-457c-84b0-daf908d6cf85/7e2b438acf73747af8141a4a45b5b75a.bam.bai
EGAD00001002157	EGAZ00001230368	EGAF00001197457	f51e8184-2e24-457c-84b0-daf908d6cf85/analysis.f51e8184-2e24-457c-84b0-daf908d6cf85.GNOS.xml.gz
EGAD00001002157	EGAZ00001230369	EGAF00001197062	9747be0b-ef0b-42dc-ad3e-77289f7e1af1/7368df1c73a81daa872702eac4002f81.bam
EGAD00001002157	EGAZ00001230369	EGAF00001197063	9747be0b-ef0b-42dc-ad3e-77289f7e1af1/7368df1c73a81daa872702eac4002f81.bam.bai
EGAD00001002157	EGAZ00001230369	EGAF00001197064	9747be0b-ef0b-42dc-ad3e-77289f7e1af1/analysis.9747be0b-ef0b-42dc-ad3e-77289f7e1af1.GNOS.xml.gz
EGAD00001002157	EGAZ00001230370	EGAF00001197458	00395384-8237-4736-ae04-0f858337e683/8f6960ad4851edab46b670d8820a6f87.bam
EGAD00001002157	EGAZ00001230370	EGAF00001197459	00395384-8237-4736-ae04-0f858337e683/8f6960ad4851edab46b670d8820a6f87.bam.bai
EGAD00001002157	EGAZ00001230370	EGAF00001197460	00395384-8237-4736-ae04-0f858337e683/analysis.00395384-8237-4736-ae04-0f858337e683.GNOS.xml.gz
EGAD00001002157	EGAZ00001230371	EGAF00001197065	6e015b71-18b9-45cc-94db-894a65ebe807/a3afe20a56f94e9a292664d331cd8154.bam
EGAD00001002157	EGAZ00001230371	EGAF00001197066	6e015b71-18b9-45cc-94db-894a65ebe807/a3afe20a56f94e9a292664d331cd8154.bam.bai
EGAD00001002157	EGAZ00001230371	EGAF00001197067	6e015b71-18b9-45cc-94db-894a65ebe807/analysis.6e015b71-18b9-45cc-94db-894a65ebe807.GNOS.xml.gz
EGAD00001002157	EGAZ00001230372	EGAF00001197461	4dfc87d2-0605-4f11-bf1d-19b887302207/f2a5cd5662826f0776a231d85c5d7907.bam
EGAD00001002157	EGAZ00001230372	EGAF00001197462	4dfc87d2-0605-4f11-bf1d-19b887302207/f2a5cd5662826f0776a231d85c5d7907.bam.bai
EGAD00001002157	EGAZ00001230372	EGAF00001197463	4dfc87d2-0605-4f11-bf1d-19b887302207/analysis.4dfc87d2-0605-4f11-bf1d-19b887302207.GNOS.xml.gz
EGAD00001002157	EGAZ00001230373	EGAF00001197068	e0b4532b-41ba-488f-9fe0-fbf3c4269ce9/522e7d5bc8428b7cbb7c40401078758f.bam
EGAD00001002157	EGAZ00001230373	EGAF00001197069	e0b4532b-41ba-488f-9fe0-fbf3c4269ce9/522e7d5bc8428b7cbb7c40401078758f.bam.bai
EGAD00001002157	EGAZ00001230373	EGAF00001197070	e0b4532b-41ba-488f-9fe0-fbf3c4269ce9/analysis.e0b4532b-41ba-488f-9fe0-fbf3c4269ce9.GNOS.xml.gz
EGAD00001002157	EGAZ00001230374	EGAF00001197464	71ed467c-4ed0-4de7-9c5e-f177464c5987/d80fa4ab93d841378d787ccbfb6a291b.bam
EGAD00001002157	EGAZ00001230374	EGAF00001197465	71ed467c-4ed0-4de7-9c5e-f177464c5987/d80fa4ab93d841378d787ccbfb6a291b.bam.bai
EGAD00001002157	EGAZ00001230374	EGAF00001197466	71ed467c-4ed0-4de7-9c5e-f177464c5987/analysis.71ed467c-4ed0-4de7-9c5e-f177464c5987.GNOS.xml.gz
EGAD00001002157	EGAZ00001230375	EGAF00001197071	a3d72084-551a-48ea-82f5-a86a207f09bd/a69cfae1e2624a01817feeacf99327a6.bam
EGAD00001002157	EGAZ00001230375	EGAF00001197072	a3d72084-551a-48ea-82f5-a86a207f09bd/a69cfae1e2624a01817feeacf99327a6.bam.bai
EGAD00001002157	EGAZ00001230375	EGAF00001197073	a3d72084-551a-48ea-82f5-a86a207f09bd/analysis.a3d72084-551a-48ea-82f5-a86a207f09bd.GNOS.xml.gz
EGAD00001002157	EGAZ00001230376	EGAF00001197467	1671215c-7d21-407d-bed9-622d83466aa7/f76f9828369bfc5dc5a0a2c33bd91179.bam
EGAD00001002157	EGAZ00001230376	EGAF00001197468	1671215c-7d21-407d-bed9-622d83466aa7/f76f9828369bfc5dc5a0a2c33bd91179.bam.bai
EGAD00001002157	EGAZ00001230376	EGAF00001197469	1671215c-7d21-407d-bed9-622d83466aa7/analysis.1671215c-7d21-407d-bed9-622d83466aa7.GNOS.xml.gz
EGAD00001002157	EGAZ00001230377	EGAF00001197074	fd7d4b10-df64-4038-884d-4772d233e59e/8ca2938c6f184308bbba9b42bad3e6d9.bam
EGAD00001002157	EGAZ00001230377	EGAF00001197075	fd7d4b10-df64-4038-884d-4772d233e59e/8ca2938c6f184308bbba9b42bad3e6d9.bam.bai
EGAD00001002157	EGAZ00001230377	EGAF00001197076	fd7d4b10-df64-4038-884d-4772d233e59e/analysis.fd7d4b10-df64-4038-884d-4772d233e59e.GNOS.xml.gz
EGAD00001002157	EGAZ00001230378	EGAF00001197470	920dff61-a6f3-4b0a-9001-4c09f512a987/ab7dab31de37169db80096f33e7cdccf.bam
EGAD00001002157	EGAZ00001230378	EGAF00001197471	920dff61-a6f3-4b0a-9001-4c09f512a987/ab7dab31de37169db80096f33e7cdccf.bam.bai
EGAD00001002157	EGAZ00001230378	EGAF00001197472	920dff61-a6f3-4b0a-9001-4c09f512a987/analysis.920dff61-a6f3-4b0a-9001-4c09f512a987.GNOS.xml.gz
EGAD00001002157	EGAZ00001230379	EGAF00001197077	c6ae4094-e812-4c67-8a50-9a4628c537a2/4ce7043e6c3608bd1b21fdcd75956d33.bam
EGAD00001002157	EGAZ00001230379	EGAF00001197078	c6ae4094-e812-4c67-8a50-9a4628c537a2/4ce7043e6c3608bd1b21fdcd75956d33.bam.bai
EGAD00001002157	EGAZ00001230379	EGAF00001197079	c6ae4094-e812-4c67-8a50-9a4628c537a2/analysis.c6ae4094-e812-4c67-8a50-9a4628c537a2.GNOS.xml.gz
EGAD00001002157	EGAZ00001230380	EGAF00001197473	7d947fa2-eeb3-4a23-9aa7-db97f238c399/5fa88157eefb2e9fc417b232811d0a6f.bam
EGAD00001002157	EGAZ00001230380	EGAF00001197474	7d947fa2-eeb3-4a23-9aa7-db97f238c399/5fa88157eefb2e9fc417b232811d0a6f.bam.bai
EGAD00001002157	EGAZ00001230380	EGAF00001197475	7d947fa2-eeb3-4a23-9aa7-db97f238c399/analysis.7d947fa2-eeb3-4a23-9aa7-db97f238c399.GNOS.xml.gz
EGAD00001002157	EGAZ00001230381	EGAF00001197080	64686cda-ea99-4c84-90d1-758f1c097bcd/c739aeadf66bbad40294c07442a4233b.bam
EGAD00001002157	EGAZ00001230381	EGAF00001197081	64686cda-ea99-4c84-90d1-758f1c097bcd/c739aeadf66bbad40294c07442a4233b.bam.bai
EGAD00001002157	EGAZ00001230381	EGAF00001197082	64686cda-ea99-4c84-90d1-758f1c097bcd/analysis.64686cda-ea99-4c84-90d1-758f1c097bcd.GNOS.xml.gz
EGAD00001002157	EGAZ00001230382	EGAF00001197476	fddfa6d9-0624-484b-bca6-93473d0bfa52/1662fce6088d1af6d023705954420853.bam
EGAD00001002157	EGAZ00001230382	EGAF00001197477	fddfa6d9-0624-484b-bca6-93473d0bfa52/1662fce6088d1af6d023705954420853.bam.bai
EGAD00001002157	EGAZ00001230382	EGAF00001197478	fddfa6d9-0624-484b-bca6-93473d0bfa52/analysis.fddfa6d9-0624-484b-bca6-93473d0bfa52.GNOS.xml.gz
EGAD00001002157	EGAZ00001230383	EGAF00001197083	41a628c8-bb99-45be-b2c8-8d09e82d039d/7db5ad3123e0826c51e46a6d263b2603.bam
EGAD00001002157	EGAZ00001230383	EGAF00001197084	41a628c8-bb99-45be-b2c8-8d09e82d039d/7db5ad3123e0826c51e46a6d263b2603.bam.bai
EGAD00001002157	EGAZ00001230383	EGAF00001197085	41a628c8-bb99-45be-b2c8-8d09e82d039d/analysis.41a628c8-bb99-45be-b2c8-8d09e82d039d.GNOS.xml.gz
EGAD00001002157	EGAZ00001230384	EGAF00001197479	01e9d17a-d317-44bb-a88a-214ac4970f55/5e02aa13d68952c589a22ef09b7f5422.bam
EGAD00001002157	EGAZ00001230384	EGAF00001197480	01e9d17a-d317-44bb-a88a-214ac4970f55/5e02aa13d68952c589a22ef09b7f5422.bam.bai
EGAD00001002157	EGAZ00001230384	EGAF00001197481	01e9d17a-d317-44bb-a88a-214ac4970f55/analysis.01e9d17a-d317-44bb-a88a-214ac4970f55.GNOS.xml.gz
EGAD00001002157	EGAZ00001230385	EGAF00001197086	0afa9a8b-796f-44f0-bf4f-ff5368cd9e19/3e38c5b0eafd2603311248491db6102f.bam
EGAD00001002157	EGAZ00001230385	EGAF00001197087	0afa9a8b-796f-44f0-bf4f-ff5368cd9e19/3e38c5b0eafd2603311248491db6102f.bam.bai
EGAD00001002157	EGAZ00001230385	EGAF00001197088	0afa9a8b-796f-44f0-bf4f-ff5368cd9e19/analysis.0afa9a8b-796f-44f0-bf4f-ff5368cd9e19.GNOS.xml.gz
EGAD00001002157	EGAZ00001230386	EGAF00001197482	d3133fa5-df81-45a1-bd36-8cad2e16b786/19cbf4f28ff82a510e2dabbcd7df9466.bam
EGAD00001002157	EGAZ00001230386	EGAF00001197483	d3133fa5-df81-45a1-bd36-8cad2e16b786/19cbf4f28ff82a510e2dabbcd7df9466.bam.bai
EGAD00001002157	EGAZ00001230386	EGAF00001197484	d3133fa5-df81-45a1-bd36-8cad2e16b786/analysis.d3133fa5-df81-45a1-bd36-8cad2e16b786.GNOS.xml.gz
EGAD00001002157	EGAZ00001230387	EGAF00001197089	1209399c-c849-4c5e-8104-84922e67d226/ec78d9a4f862896406e884dc21ba3352.bam
EGAD00001002157	EGAZ00001230387	EGAF00001197090	1209399c-c849-4c5e-8104-84922e67d226/ec78d9a4f862896406e884dc21ba3352.bam.bai
EGAD00001002157	EGAZ00001230387	EGAF00001197091	1209399c-c849-4c5e-8104-84922e67d226/analysis.1209399c-c849-4c5e-8104-84922e67d226.GNOS.xml.gz
EGAD00001002157	EGAZ00001230388	EGAF00001197485	cb91b4ac-6905-4c29-9312-960724b09c52/0b7467fefdd785267a860c4bc3a9d665.bam
EGAD00001002157	EGAZ00001230388	EGAF00001197486	cb91b4ac-6905-4c29-9312-960724b09c52/0b7467fefdd785267a860c4bc3a9d665.bam.bai
EGAD00001002157	EGAZ00001230388	EGAF00001197487	cb91b4ac-6905-4c29-9312-960724b09c52/analysis.cb91b4ac-6905-4c29-9312-960724b09c52.GNOS.xml.gz
EGAD00001002157	EGAZ00001230389	EGAF00001197092	f044fb17-cbb2-4509-a235-1a3f745283d1/a36262df4197b63fac4a3ed54cf70581.bam
EGAD00001002157	EGAZ00001230389	EGAF00001197093	f044fb17-cbb2-4509-a235-1a3f745283d1/a36262df4197b63fac4a3ed54cf70581.bam.bai
EGAD00001002157	EGAZ00001230389	EGAF00001197094	f044fb17-cbb2-4509-a235-1a3f745283d1/analysis.f044fb17-cbb2-4509-a235-1a3f745283d1.GNOS.xml.gz
EGAD00001002157	EGAZ00001230390	EGAF00001197488	a0929b7d-a374-4685-856d-a52ee6545494/c5c57a9dd6c7016d43a8e3fa9f4b2131.bam
EGAD00001002157	EGAZ00001230390	EGAF00001197489	a0929b7d-a374-4685-856d-a52ee6545494/c5c57a9dd6c7016d43a8e3fa9f4b2131.bam.bai
EGAD00001002157	EGAZ00001230390	EGAF00001197490	a0929b7d-a374-4685-856d-a52ee6545494/analysis.a0929b7d-a374-4685-856d-a52ee6545494.GNOS.xml.gz
EGAD00001002157	EGAZ00001230391	EGAF00001197095	b882e3e2-011d-4ee5-9fa2-dad3cd9ef3ee/a12c84f5a272d974f4d8970350d50974.bam
EGAD00001002157	EGAZ00001230391	EGAF00001197096	b882e3e2-011d-4ee5-9fa2-dad3cd9ef3ee/a12c84f5a272d974f4d8970350d50974.bam.bai
EGAD00001002157	EGAZ00001230391	EGAF00001197097	b882e3e2-011d-4ee5-9fa2-dad3cd9ef3ee/analysis.b882e3e2-011d-4ee5-9fa2-dad3cd9ef3ee.GNOS.xml.gz
EGAD00001002157	EGAZ00001230392	EGAF00001197491	a7544a1b-fd7b-4e61-8bc8-30603d9d4a94/0f729b1a5061dcd4c942c58ddb2ac814.bam
EGAD00001002157	EGAZ00001230392	EGAF00001197492	a7544a1b-fd7b-4e61-8bc8-30603d9d4a94/0f729b1a5061dcd4c942c58ddb2ac814.bam.bai
EGAD00001002157	EGAZ00001230392	EGAF00001197493	a7544a1b-fd7b-4e61-8bc8-30603d9d4a94/analysis.a7544a1b-fd7b-4e61-8bc8-30603d9d4a94.GNOS.xml.gz
EGAD00001002157	EGAZ00001230393	EGAF00001197098	2ef51ea7-f0e0-4c12-83f8-bcfcec889a82/a323937db1c62572595c5e89ce252aae.bam
EGAD00001002157	EGAZ00001230393	EGAF00001197099	2ef51ea7-f0e0-4c12-83f8-bcfcec889a82/a323937db1c62572595c5e89ce252aae.bam.bai
EGAD00001002157	EGAZ00001230393	EGAF00001197100	2ef51ea7-f0e0-4c12-83f8-bcfcec889a82/analysis.2ef51ea7-f0e0-4c12-83f8-bcfcec889a82.GNOS.xml.gz
EGAD00001002157	EGAZ00001230394	EGAF00001197494	1c8af408-9f96-4d49-8274-8536fcd8588d/cc4b7b20c75795418f0cf2a520f054a7.bam
EGAD00001002157	EGAZ00001230394	EGAF00001197495	1c8af408-9f96-4d49-8274-8536fcd8588d/cc4b7b20c75795418f0cf2a520f054a7.bam.bai
EGAD00001002157	EGAZ00001230394	EGAF00001197496	1c8af408-9f96-4d49-8274-8536fcd8588d/analysis.1c8af408-9f96-4d49-8274-8536fcd8588d.GNOS.xml.gz
EGAD00001002157	EGAZ00001230395	EGAF00001198098	a4374413-e646-4f39-bad6-7488e110f8c0/483ca2992d7ca2c2e96337427fc2e128.bam
EGAD00001002157	EGAZ00001230395	EGAF00001198099	a4374413-e646-4f39-bad6-7488e110f8c0/483ca2992d7ca2c2e96337427fc2e128.bam.bai
EGAD00001002157	EGAZ00001230395	EGAF00001198100	a4374413-e646-4f39-bad6-7488e110f8c0/analysis.a4374413-e646-4f39-bad6-7488e110f8c0.GNOS.xml.gz
EGAD00001002157	EGAZ00001230396	EGAF00001197101	cdf86282-89c2-4250-91f8-d50441b5cad0/613790ae7b15f3472dcec32e10b62a9f.bam
EGAD00001002157	EGAZ00001230396	EGAF00001197102	cdf86282-89c2-4250-91f8-d50441b5cad0/613790ae7b15f3472dcec32e10b62a9f.bam.bai
EGAD00001002157	EGAZ00001230396	EGAF00001197103	cdf86282-89c2-4250-91f8-d50441b5cad0/analysis.cdf86282-89c2-4250-91f8-d50441b5cad0.GNOS.xml.gz
EGAD00001002157	EGAZ00001230397	EGAF00001198182	aa94bdae-4573-4662-935c-276815e1f132/6d65231fac6a83aa80fd186108bb8273.bam
EGAD00001002157	EGAZ00001230397	EGAF00001198183	aa94bdae-4573-4662-935c-276815e1f132/6d65231fac6a83aa80fd186108bb8273.bam.bai
EGAD00001002157	EGAZ00001230397	EGAF00001198184	aa94bdae-4573-4662-935c-276815e1f132/analysis.aa94bdae-4573-4662-935c-276815e1f132.GNOS.xml.gz
EGAD00001002157	EGAZ00001230398	EGAF00001198185	a7278dc2-53a2-43b3-9e45-a188bfe01a6f/d9bb9f9098901e96b3febf8ab1b36d06.bam
EGAD00001002157	EGAZ00001230398	EGAF00001198186	a7278dc2-53a2-43b3-9e45-a188bfe01a6f/d9bb9f9098901e96b3febf8ab1b36d06.bam.bai
EGAD00001002157	EGAZ00001230398	EGAF00001198187	a7278dc2-53a2-43b3-9e45-a188bfe01a6f/analysis.a7278dc2-53a2-43b3-9e45-a188bfe01a6f.GNOS.xml.gz
EGAD00001002157	EGAZ00001230399	EGAF00001197104	625b99da-ee7d-4b25-89b6-d3df42deead2/e25f0ad03c0aacc136c40a826a4dfb26.bam
EGAD00001002157	EGAZ00001230399	EGAF00001197105	625b99da-ee7d-4b25-89b6-d3df42deead2/e25f0ad03c0aacc136c40a826a4dfb26.bam.bai
EGAD00001002157	EGAZ00001230399	EGAF00001197106	625b99da-ee7d-4b25-89b6-d3df42deead2/analysis.625b99da-ee7d-4b25-89b6-d3df42deead2.GNOS.xml.gz
EGAD00001002157	EGAZ00001230400	EGAF00001198188	8074e8af-c8ab-431f-a0f9-7e81049b7727/82bd68da6c770ee2e09b837240470e44.bam
EGAD00001002157	EGAZ00001230400	EGAF00001198189	8074e8af-c8ab-431f-a0f9-7e81049b7727/82bd68da6c770ee2e09b837240470e44.bam.bai
EGAD00001002157	EGAZ00001230400	EGAF00001198190	8074e8af-c8ab-431f-a0f9-7e81049b7727/analysis.8074e8af-c8ab-431f-a0f9-7e81049b7727.GNOS.xml.gz
EGAD00001002157	EGAZ00001230401	EGAF00001197107	07a04129-1bdf-42f4-b8e4-21fd23e95a3c/adb9f6439776ba8e363e771ffaf7264b.bam
EGAD00001002157	EGAZ00001230401	EGAF00001197108	07a04129-1bdf-42f4-b8e4-21fd23e95a3c/adb9f6439776ba8e363e771ffaf7264b.bam.bai
EGAD00001002157	EGAZ00001230401	EGAF00001197109	07a04129-1bdf-42f4-b8e4-21fd23e95a3c/analysis.07a04129-1bdf-42f4-b8e4-21fd23e95a3c.GNOS.xml.gz
EGAD00001002157	EGAZ00001230402	EGAF00001198101	9b0ea819-2f8f-403f-88a8-9adaba27dd7e/63edd1b2a4918b284c036d4d66d0b007.bam
EGAD00001002157	EGAZ00001230402	EGAF00001198102	9b0ea819-2f8f-403f-88a8-9adaba27dd7e/63edd1b2a4918b284c036d4d66d0b007.bam.bai
EGAD00001002157	EGAZ00001230402	EGAF00001198103	9b0ea819-2f8f-403f-88a8-9adaba27dd7e/analysis.9b0ea819-2f8f-403f-88a8-9adaba27dd7e.GNOS.xml.gz
EGAD00001002157	EGAZ00001230403	EGAF00001198191	4c69ea50-0b8c-410f-b6a9-d9634b2c26c4/5bb977259bd051d6c80d04a2dfda4fd8.bam
EGAD00001002157	EGAZ00001230403	EGAF00001198192	4c69ea50-0b8c-410f-b6a9-d9634b2c26c4/5bb977259bd051d6c80d04a2dfda4fd8.bam.bai
EGAD00001002157	EGAZ00001230403	EGAF00001198193	4c69ea50-0b8c-410f-b6a9-d9634b2c26c4/analysis.4c69ea50-0b8c-410f-b6a9-d9634b2c26c4.GNOS.xml.gz
EGAD00001002157	EGAZ00001230404	EGAF00001198104	a78cc7f2-44b5-4aef-a71e-d4c48a588bf5/7c9fb87858988297f58543bcca257f80.bam
EGAD00001002157	EGAZ00001230404	EGAF00001198105	a78cc7f2-44b5-4aef-a71e-d4c48a588bf5/7c9fb87858988297f58543bcca257f80.bam.bai
EGAD00001002157	EGAZ00001230404	EGAF00001198106	a78cc7f2-44b5-4aef-a71e-d4c48a588bf5/analysis.a78cc7f2-44b5-4aef-a71e-d4c48a588bf5.GNOS.xml.gz
EGAD00001002157	EGAZ00001230405	EGAF00001198194	a4fb013c-5eac-46f6-a17b-60da8a533bd8/24fbcc27cda6ccef5f6d9f08101d0211.bam
EGAD00001002157	EGAZ00001230405	EGAF00001198195	a4fb013c-5eac-46f6-a17b-60da8a533bd8/24fbcc27cda6ccef5f6d9f08101d0211.bam.bai
EGAD00001002157	EGAZ00001230405	EGAF00001198196	a4fb013c-5eac-46f6-a17b-60da8a533bd8/analysis.a4fb013c-5eac-46f6-a17b-60da8a533bd8.GNOS.xml.gz
EGAD00001002157	EGAZ00001230406	EGAF00001198107	1d16dd0a-2fd4-4f77-992e-cbd0b778fe60/ab6cf88b4dfa607f5e88641a52b646db.bam
EGAD00001002157	EGAZ00001230406	EGAF00001198108	1d16dd0a-2fd4-4f77-992e-cbd0b778fe60/ab6cf88b4dfa607f5e88641a52b646db.bam.bai
EGAD00001002157	EGAZ00001230406	EGAF00001198109	1d16dd0a-2fd4-4f77-992e-cbd0b778fe60/analysis.1d16dd0a-2fd4-4f77-992e-cbd0b778fe60.GNOS.xml.gz
EGAD00001002157	EGAZ00001230407	EGAF00001198197	6538d257-8671-43e1-bf1c-c0b49464fcf0/798dec9ce0d88daf3fd22d31c9e98158.bam
EGAD00001002157	EGAZ00001230407	EGAF00001198198	6538d257-8671-43e1-bf1c-c0b49464fcf0/798dec9ce0d88daf3fd22d31c9e98158.bam.bai
EGAD00001002157	EGAZ00001230407	EGAF00001198199	6538d257-8671-43e1-bf1c-c0b49464fcf0/analysis.6538d257-8671-43e1-bf1c-c0b49464fcf0.GNOS.xml.gz
EGAD00001002157	EGAZ00001230408	EGAF00001198110	0069a93e-6443-4677-8011-d6403c7fccbc/d8ec11d2f06f5016e6d2332416fa80f7.bam
EGAD00001002157	EGAZ00001230408	EGAF00001198111	0069a93e-6443-4677-8011-d6403c7fccbc/d8ec11d2f06f5016e6d2332416fa80f7.bam.bai
EGAD00001002157	EGAZ00001230408	EGAF00001198112	0069a93e-6443-4677-8011-d6403c7fccbc/analysis.0069a93e-6443-4677-8011-d6403c7fccbc.GNOS.xml.gz
EGAD00001002157	EGAZ00001230409	EGAF00001198200	f2423eae-dca1-463e-8b83-981402a22d26/2a76e4ad4c8bfc0311fbb438872cde44.bam
EGAD00001002157	EGAZ00001230409	EGAF00001198201	f2423eae-dca1-463e-8b83-981402a22d26/2a76e4ad4c8bfc0311fbb438872cde44.bam.bai
EGAD00001002157	EGAZ00001230409	EGAF00001198202	f2423eae-dca1-463e-8b83-981402a22d26/analysis.f2423eae-dca1-463e-8b83-981402a22d26.GNOS.xml.gz
EGAD00001002157	EGAZ00001230410	EGAF00001198113	6ff9b6e2-0963-4fb9-9d7d-0559e83ebd02/b5ffcfcf691ca3f1f1a600d5f11554d5.bam
EGAD00001002157	EGAZ00001230410	EGAF00001198114	6ff9b6e2-0963-4fb9-9d7d-0559e83ebd02/b5ffcfcf691ca3f1f1a600d5f11554d5.bam.bai
EGAD00001002157	EGAZ00001230410	EGAF00001198115	6ff9b6e2-0963-4fb9-9d7d-0559e83ebd02/analysis.6ff9b6e2-0963-4fb9-9d7d-0559e83ebd02.GNOS.xml.gz
EGAD00001002157	EGAZ00001230411	EGAF00001198116	555070eb-21ea-4018-a652-43a239cc44c3/bec17dd8aefdfa808db53e6cdab90450.bam
EGAD00001002157	EGAZ00001230411	EGAF00001198117	555070eb-21ea-4018-a652-43a239cc44c3/bec17dd8aefdfa808db53e6cdab90450.bam.bai
EGAD00001002157	EGAZ00001230411	EGAF00001198118	555070eb-21ea-4018-a652-43a239cc44c3/analysis.555070eb-21ea-4018-a652-43a239cc44c3.GNOS.xml.gz
EGAD00001002157	EGAZ00001230412	EGAF00001198203	7f3166a8-820a-40c1-9dac-31a399494a86/f11def95cf99822cda60ed259dabf435.bam
EGAD00001002157	EGAZ00001230412	EGAF00001198204	7f3166a8-820a-40c1-9dac-31a399494a86/f11def95cf99822cda60ed259dabf435.bam.bai
EGAD00001002157	EGAZ00001230412	EGAF00001198205	7f3166a8-820a-40c1-9dac-31a399494a86/analysis.7f3166a8-820a-40c1-9dac-31a399494a86.GNOS.xml.gz
EGAD00001002157	EGAZ00001230413	EGAF00001198119	ba7e9b9a-7cc3-4168-b322-15263b13e9bb/b717e6e579d2c8e17f6798fa4841b07a.bam
EGAD00001002157	EGAZ00001230413	EGAF00001198120	ba7e9b9a-7cc3-4168-b322-15263b13e9bb/b717e6e579d2c8e17f6798fa4841b07a.bam.bai
EGAD00001002157	EGAZ00001230413	EGAF00001198121	ba7e9b9a-7cc3-4168-b322-15263b13e9bb/analysis.ba7e9b9a-7cc3-4168-b322-15263b13e9bb.GNOS.xml.gz
EGAD00001002157	EGAZ00001230414	EGAF00001198122	9e504e59-ec50-4a78-a8fc-1862467fb8c1/d119764393be3a8bb572bd2eaa299de0.bam
EGAD00001002157	EGAZ00001230414	EGAF00001198123	9e504e59-ec50-4a78-a8fc-1862467fb8c1/d119764393be3a8bb572bd2eaa299de0.bam.bai
EGAD00001002157	EGAZ00001230414	EGAF00001198124	9e504e59-ec50-4a78-a8fc-1862467fb8c1/analysis.9e504e59-ec50-4a78-a8fc-1862467fb8c1.GNOS.xml.gz
EGAD00001002157	EGAZ00001230415	EGAF00001198125	88479bb9-6451-4c0e-a0ed-f884fd247c78/18b9271835118df2987c4af2d0cb8b92.bam
EGAD00001002157	EGAZ00001230415	EGAF00001198126	88479bb9-6451-4c0e-a0ed-f884fd247c78/18b9271835118df2987c4af2d0cb8b92.bam.bai
EGAD00001002157	EGAZ00001230415	EGAF00001198127	88479bb9-6451-4c0e-a0ed-f884fd247c78/analysis.88479bb9-6451-4c0e-a0ed-f884fd247c78.GNOS.xml.gz
EGAD00001002157	EGAZ00001230416	EGAF00001198206	045f989c-c04a-4bbb-b8f2-3892efaacb78/99e6e1f613983547f21d44f3d321cc34.bam
EGAD00001002157	EGAZ00001230416	EGAF00001198207	045f989c-c04a-4bbb-b8f2-3892efaacb78/99e6e1f613983547f21d44f3d321cc34.bam.bai
EGAD00001002157	EGAZ00001230416	EGAF00001198208	045f989c-c04a-4bbb-b8f2-3892efaacb78/analysis.045f989c-c04a-4bbb-b8f2-3892efaacb78.GNOS.xml.gz
EGAD00001002157	EGAZ00001230417	EGAF00001198209	ca69db74-e54e-4880-a4f2-ef78b71f2512/af47177faa91c8617b0acbaf0012e543.bam
EGAD00001002157	EGAZ00001230417	EGAF00001198210	ca69db74-e54e-4880-a4f2-ef78b71f2512/af47177faa91c8617b0acbaf0012e543.bam.bai
EGAD00001002157	EGAZ00001230417	EGAF00001198211	ca69db74-e54e-4880-a4f2-ef78b71f2512/analysis.ca69db74-e54e-4880-a4f2-ef78b71f2512.GNOS.xml.gz
EGAD00001002157	EGAZ00001230418	EGAF00001198128	ddbaf554-c20b-4757-80cd-6024fc5c2085/648aee8b27ca32725a68b7d18be39c33.bam
EGAD00001002157	EGAZ00001230418	EGAF00001198129	ddbaf554-c20b-4757-80cd-6024fc5c2085/648aee8b27ca32725a68b7d18be39c33.bam.bai
EGAD00001002157	EGAZ00001230418	EGAF00001198130	ddbaf554-c20b-4757-80cd-6024fc5c2085/analysis.ddbaf554-c20b-4757-80cd-6024fc5c2085.GNOS.xml.gz
EGAD00001002157	EGAZ00001230419	EGAF00001198212	3df99b6b-db10-4774-9d3e-26e9c513e034/36248d162073e6585d7597e7540b095d.bam
EGAD00001002157	EGAZ00001230419	EGAF00001198213	3df99b6b-db10-4774-9d3e-26e9c513e034/36248d162073e6585d7597e7540b095d.bam.bai
EGAD00001002157	EGAZ00001230419	EGAF00001198214	3df99b6b-db10-4774-9d3e-26e9c513e034/analysis.3df99b6b-db10-4774-9d3e-26e9c513e034.GNOS.xml.gz
EGAD00001002157	EGAZ00001230420	EGAF00001198131	d5877c91-f05f-4375-bae2-4c731dfc0a1a/1b8426eb3b11f59c12070dc843b429e0.bam
EGAD00001002157	EGAZ00001230420	EGAF00001198132	d5877c91-f05f-4375-bae2-4c731dfc0a1a/1b8426eb3b11f59c12070dc843b429e0.bam.bai
EGAD00001002157	EGAZ00001230420	EGAF00001198133	d5877c91-f05f-4375-bae2-4c731dfc0a1a/analysis.d5877c91-f05f-4375-bae2-4c731dfc0a1a.GNOS.xml.gz
EGAD00001002157	EGAZ00001230421	EGAF00001198215	d046a168-4605-4c3d-8922-a072f8e6dfe4/54d83bee2f1b2be2160bb0d446f289cf.bam
EGAD00001002157	EGAZ00001230421	EGAF00001198216	d046a168-4605-4c3d-8922-a072f8e6dfe4/54d83bee2f1b2be2160bb0d446f289cf.bam.bai
EGAD00001002157	EGAZ00001230421	EGAF00001198217	d046a168-4605-4c3d-8922-a072f8e6dfe4/analysis.d046a168-4605-4c3d-8922-a072f8e6dfe4.GNOS.xml.gz
EGAD00001002157	EGAZ00001230422	EGAF00001198134	be335b9e-5a7b-40ff-a045-ea6bd344f119/2f5e7ebc0a206a98c55dfdc38b550784.bam
EGAD00001002157	EGAZ00001230422	EGAF00001198135	be335b9e-5a7b-40ff-a045-ea6bd344f119/2f5e7ebc0a206a98c55dfdc38b550784.bam.bai
EGAD00001002157	EGAZ00001230422	EGAF00001198136	be335b9e-5a7b-40ff-a045-ea6bd344f119/analysis.be335b9e-5a7b-40ff-a045-ea6bd344f119.GNOS.xml.gz
EGAD00001002157	EGAZ00001230423	EGAF00001198218	7f28ee7f-8742-4d9f-8cb3-cb6ff9b05c2c/11d0b525e2d0b5c13576f110b349d86d.bam
EGAD00001002157	EGAZ00001230423	EGAF00001198219	7f28ee7f-8742-4d9f-8cb3-cb6ff9b05c2c/11d0b525e2d0b5c13576f110b349d86d.bam.bai
EGAD00001002157	EGAZ00001230423	EGAF00001198220	7f28ee7f-8742-4d9f-8cb3-cb6ff9b05c2c/analysis.7f28ee7f-8742-4d9f-8cb3-cb6ff9b05c2c.GNOS.xml.gz
EGAD00001002157	EGAZ00001230424	EGAF00001198221	dcf4938e-42db-4326-a150-97ed327b6539/9a94022623e0e1153794d87dcd23399a.bam
EGAD00001002157	EGAZ00001230424	EGAF00001198222	dcf4938e-42db-4326-a150-97ed327b6539/9a94022623e0e1153794d87dcd23399a.bam.bai
EGAD00001002157	EGAZ00001230424	EGAF00001198223	dcf4938e-42db-4326-a150-97ed327b6539/analysis.dcf4938e-42db-4326-a150-97ed327b6539.GNOS.xml.gz
EGAD00001002157	EGAZ00001230425	EGAF00001198137	6223ec44-fbab-455e-8ad4-83b556b653dd/259f9d899e6dadb21359345221db4dbb.bam
EGAD00001002157	EGAZ00001230425	EGAF00001198138	6223ec44-fbab-455e-8ad4-83b556b653dd/259f9d899e6dadb21359345221db4dbb.bam.bai
EGAD00001002157	EGAZ00001230425	EGAF00001198139	6223ec44-fbab-455e-8ad4-83b556b653dd/analysis.6223ec44-fbab-455e-8ad4-83b556b653dd.GNOS.xml.gz
EGAD00001002157	EGAZ00001230426	EGAF00001198224	18d1263d-b272-4d45-9ddc-6f206b0bc5c4/1557900ffc8b890f73b032dad6deb116.bam
EGAD00001002157	EGAZ00001230426	EGAF00001198225	18d1263d-b272-4d45-9ddc-6f206b0bc5c4/1557900ffc8b890f73b032dad6deb116.bam.bai
EGAD00001002157	EGAZ00001230426	EGAF00001198226	18d1263d-b272-4d45-9ddc-6f206b0bc5c4/analysis.18d1263d-b272-4d45-9ddc-6f206b0bc5c4.GNOS.xml.gz
EGAD00001002157	EGAZ00001230427	EGAF00001198140	846c7f4e-d434-4327-8e08-bd63dd6c530d/16d13c22b51b97d4fdc23f13fa8704cd.bam
EGAD00001002157	EGAZ00001230427	EGAF00001198141	846c7f4e-d434-4327-8e08-bd63dd6c530d/16d13c22b51b97d4fdc23f13fa8704cd.bam.bai
EGAD00001002157	EGAZ00001230427	EGAF00001198142	846c7f4e-d434-4327-8e08-bd63dd6c530d/analysis.846c7f4e-d434-4327-8e08-bd63dd6c530d.GNOS.xml.gz
EGAD00001002157	EGAZ00001230428	EGAF00001198227	418a93bf-b58b-427c-8525-209267ac1880/7c3abba467e2e2377d0ee7aeb27bf39f.bam
EGAD00001002157	EGAZ00001230428	EGAF00001198228	418a93bf-b58b-427c-8525-209267ac1880/7c3abba467e2e2377d0ee7aeb27bf39f.bam.bai
EGAD00001002157	EGAZ00001230428	EGAF00001198229	418a93bf-b58b-427c-8525-209267ac1880/analysis.418a93bf-b58b-427c-8525-209267ac1880.GNOS.xml.gz
EGAD00001002157	EGAZ00001230429	EGAF00001198230	dad26810-d3e2-4d33-b78e-dde0fa8e1ed8/2aa721c3a1dda03ee364847fb9ebd37d.bam
EGAD00001002157	EGAZ00001230429	EGAF00001198231	dad26810-d3e2-4d33-b78e-dde0fa8e1ed8/2aa721c3a1dda03ee364847fb9ebd37d.bam.bai
EGAD00001002157	EGAZ00001230429	EGAF00001198232	dad26810-d3e2-4d33-b78e-dde0fa8e1ed8/analysis.dad26810-d3e2-4d33-b78e-dde0fa8e1ed8.GNOS.xml.gz
EGAD00001002157	EGAZ00001230430	EGAF00001198143	6d73d4d7-154a-48ce-803d-9f7df177ad06/a9b66bc7ebd0da361b24db1225170e73.bam
EGAD00001002157	EGAZ00001230430	EGAF00001198144	6d73d4d7-154a-48ce-803d-9f7df177ad06/a9b66bc7ebd0da361b24db1225170e73.bam.bai
EGAD00001002157	EGAZ00001230430	EGAF00001198145	6d73d4d7-154a-48ce-803d-9f7df177ad06/analysis.6d73d4d7-154a-48ce-803d-9f7df177ad06.GNOS.xml.gz
EGAD00001002157	EGAZ00001230431	EGAF00001198233	ab880367-f593-4ac2-a088-ce1edf689674/38b9fd26d8fcc0f89af7b11810ae18e4.bam
EGAD00001002157	EGAZ00001230431	EGAF00001198234	ab880367-f593-4ac2-a088-ce1edf689674/38b9fd26d8fcc0f89af7b11810ae18e4.bam.bai
EGAD00001002157	EGAZ00001230431	EGAF00001198235	ab880367-f593-4ac2-a088-ce1edf689674/analysis.ab880367-f593-4ac2-a088-ce1edf689674.GNOS.xml.gz
EGAD00001002157	EGAZ00001230432	EGAF00001198146	64542087-f144-4ec8-be58-5a2c42eeb7f4/49eff82a3d477b705e4de6f466988421.bam
EGAD00001002157	EGAZ00001230432	EGAF00001198147	64542087-f144-4ec8-be58-5a2c42eeb7f4/49eff82a3d477b705e4de6f466988421.bam.bai
EGAD00001002157	EGAZ00001230432	EGAF00001198148	64542087-f144-4ec8-be58-5a2c42eeb7f4/analysis.64542087-f144-4ec8-be58-5a2c42eeb7f4.GNOS.xml.gz
EGAD00001002157	EGAZ00001230433	EGAF00001198236	c441a864-3c26-4509-b0f8-4e546e9bec32/a4aded12a7f17c166795fd5aaf1e3112.bam
EGAD00001002157	EGAZ00001230433	EGAF00001198237	c441a864-3c26-4509-b0f8-4e546e9bec32/a4aded12a7f17c166795fd5aaf1e3112.bam.bai
EGAD00001002157	EGAZ00001230433	EGAF00001198238	c441a864-3c26-4509-b0f8-4e546e9bec32/analysis.c441a864-3c26-4509-b0f8-4e546e9bec32.GNOS.xml.gz
EGAD00001002157	EGAZ00001230434	EGAF00001198239	14b45f93-f634-4db0-bff1-eec47cb2a282/40233bb52389d0295f49e39bc67e325b.bam
EGAD00001002157	EGAZ00001230434	EGAF00001198240	14b45f93-f634-4db0-bff1-eec47cb2a282/40233bb52389d0295f49e39bc67e325b.bam.bai
EGAD00001002157	EGAZ00001230434	EGAF00001198241	14b45f93-f634-4db0-bff1-eec47cb2a282/analysis.14b45f93-f634-4db0-bff1-eec47cb2a282.GNOS.xml.gz
EGAD00001002157	EGAZ00001230435	EGAF00001198149	2bf76c11-f884-4392-a8d9-38c6c43cfa5f/fce7740f18ec072f4e9381e0c5cada4a.bam
EGAD00001002157	EGAZ00001230435	EGAF00001198150	2bf76c11-f884-4392-a8d9-38c6c43cfa5f/fce7740f18ec072f4e9381e0c5cada4a.bam.bai
EGAD00001002157	EGAZ00001230435	EGAF00001198151	2bf76c11-f884-4392-a8d9-38c6c43cfa5f/analysis.2bf76c11-f884-4392-a8d9-38c6c43cfa5f.GNOS.xml.gz
EGAD00001002157	EGAZ00001230436	EGAF00001198242	2ca1433a-b77e-486f-96ee-45d27df46473/407353a890ea996bc4b0a66ad1e6a102.bam
EGAD00001002157	EGAZ00001230436	EGAF00001198243	2ca1433a-b77e-486f-96ee-45d27df46473/407353a890ea996bc4b0a66ad1e6a102.bam.bai
EGAD00001002157	EGAZ00001230436	EGAF00001198244	2ca1433a-b77e-486f-96ee-45d27df46473/analysis.2ca1433a-b77e-486f-96ee-45d27df46473.GNOS.xml.gz
EGAD00001002157	EGAZ00001230437	EGAF00001198152	7d4f6618-95df-46ae-912f-98c6d4c1d101/6ac111863a7fc7a0ac5bb6555f7334e6.bam
EGAD00001002157	EGAZ00001230437	EGAF00001198153	7d4f6618-95df-46ae-912f-98c6d4c1d101/6ac111863a7fc7a0ac5bb6555f7334e6.bam.bai
EGAD00001002157	EGAZ00001230437	EGAF00001198154	7d4f6618-95df-46ae-912f-98c6d4c1d101/analysis.7d4f6618-95df-46ae-912f-98c6d4c1d101.GNOS.xml.gz
EGAD00001002157	EGAZ00001230438	EGAF00001198155	7fd8c9aa-11bc-46bd-bf92-36c62eee3620/1039586e13efbb7c2ae5513c0fafc755.bam
EGAD00001002157	EGAZ00001230438	EGAF00001198156	7fd8c9aa-11bc-46bd-bf92-36c62eee3620/1039586e13efbb7c2ae5513c0fafc755.bam.bai
EGAD00001002157	EGAZ00001230438	EGAF00001198157	7fd8c9aa-11bc-46bd-bf92-36c62eee3620/analysis.7fd8c9aa-11bc-46bd-bf92-36c62eee3620.GNOS.xml.gz
EGAD00001002157	EGAZ00001230439	EGAF00001198245	4d7ce352-8427-46f7-9dc8-2758b7799877/41860ffbb117fc47f99bc7b3989285c5.bam
EGAD00001002157	EGAZ00001230439	EGAF00001198246	4d7ce352-8427-46f7-9dc8-2758b7799877/41860ffbb117fc47f99bc7b3989285c5.bam.bai
EGAD00001002157	EGAZ00001230439	EGAF00001198247	4d7ce352-8427-46f7-9dc8-2758b7799877/analysis.4d7ce352-8427-46f7-9dc8-2758b7799877.GNOS.xml.gz
EGAD00001002157	EGAZ00001230440	EGAF00001198158	41f58f18-8d9e-4b68-bd0b-94ba98bd3e91/0a69ff126ac2404f505c75a18cb7f131.bam
EGAD00001002157	EGAZ00001230440	EGAF00001198159	41f58f18-8d9e-4b68-bd0b-94ba98bd3e91/0a69ff126ac2404f505c75a18cb7f131.bam.bai
EGAD00001002157	EGAZ00001230440	EGAF00001198160	41f58f18-8d9e-4b68-bd0b-94ba98bd3e91/analysis.41f58f18-8d9e-4b68-bd0b-94ba98bd3e91.GNOS.xml.gz
EGAD00001002157	EGAZ00001230441	EGAF00001198248	dee22135-ae4d-401f-b082-ef002ace0bb6/f4948bfccd48611848ccc511958572d0.bam
EGAD00001002157	EGAZ00001230441	EGAF00001198249	dee22135-ae4d-401f-b082-ef002ace0bb6/f4948bfccd48611848ccc511958572d0.bam.bai
EGAD00001002157	EGAZ00001230441	EGAF00001198250	dee22135-ae4d-401f-b082-ef002ace0bb6/analysis.dee22135-ae4d-401f-b082-ef002ace0bb6.GNOS.xml.gz
EGAD00001002157	EGAZ00001230442	EGAF00001198251	cd8aaa93-36c2-421b-945c-205b59ac6ca2/76cf910e94fede103cb8a50ec2573588.bam
EGAD00001002157	EGAZ00001230442	EGAF00001198252	cd8aaa93-36c2-421b-945c-205b59ac6ca2/76cf910e94fede103cb8a50ec2573588.bam.bai
EGAD00001002157	EGAZ00001230442	EGAF00001198253	cd8aaa93-36c2-421b-945c-205b59ac6ca2/analysis.cd8aaa93-36c2-421b-945c-205b59ac6ca2.GNOS.xml.gz
EGAD00001002157	EGAZ00001230443	EGAF00001198254	bd5d3d9b-dbb4-4ff9-a4c1-9212912e2ea6/27515f9d1eea6082f112e6e48bf4471d.bam
EGAD00001002157	EGAZ00001230443	EGAF00001198255	bd5d3d9b-dbb4-4ff9-a4c1-9212912e2ea6/27515f9d1eea6082f112e6e48bf4471d.bam.bai
EGAD00001002157	EGAZ00001230443	EGAF00001198256	bd5d3d9b-dbb4-4ff9-a4c1-9212912e2ea6/analysis.bd5d3d9b-dbb4-4ff9-a4c1-9212912e2ea6.GNOS.xml.gz
EGAD00001002157	EGAZ00001230444	EGAF00001197497	e4a5f3e7-a238-47e7-806b-78e550f122d3/155efc2d4860486605938aaaf5a03107.bam
EGAD00001002157	EGAZ00001230444	EGAF00001197498	e4a5f3e7-a238-47e7-806b-78e550f122d3/155efc2d4860486605938aaaf5a03107.bam.bai
EGAD00001002157	EGAZ00001230444	EGAF00001197499	e4a5f3e7-a238-47e7-806b-78e550f122d3/analysis.e4a5f3e7-a238-47e7-806b-78e550f122d3.GNOS.xml.gz
EGAD00001002157	EGAZ00001230445	EGAF00001198161	53d4f9eb-6fa6-4a43-bc82-3b71b9d108fa/49a5f51897e72742aa52eaf1134205b0.bam
EGAD00001002157	EGAZ00001230445	EGAF00001198162	53d4f9eb-6fa6-4a43-bc82-3b71b9d108fa/49a5f51897e72742aa52eaf1134205b0.bam.bai
EGAD00001002157	EGAZ00001230445	EGAF00001198163	53d4f9eb-6fa6-4a43-bc82-3b71b9d108fa/analysis.53d4f9eb-6fa6-4a43-bc82-3b71b9d108fa.GNOS.xml.gz
EGAD00001002157	EGAZ00001230446	EGAF00001197500	b1c5ca20-421e-48be-a44f-a597aafb5f78/0640c11c142f8cceff56af346e853343.bam
EGAD00001002157	EGAZ00001230446	EGAF00001197501	b1c5ca20-421e-48be-a44f-a597aafb5f78/0640c11c142f8cceff56af346e853343.bam.bai
EGAD00001002157	EGAZ00001230446	EGAF00001197502	b1c5ca20-421e-48be-a44f-a597aafb5f78/analysis.b1c5ca20-421e-48be-a44f-a597aafb5f78.GNOS.xml.gz
EGAD00001002157	EGAZ00001230447	EGAF00001198164	3d751d3e-1470-4c33-94c0-fd24c71d55a6/a8189fa0ff57f70b9b8a6bd6710b0896.bam
EGAD00001002157	EGAZ00001230447	EGAF00001198165	3d751d3e-1470-4c33-94c0-fd24c71d55a6/a8189fa0ff57f70b9b8a6bd6710b0896.bam.bai
EGAD00001002157	EGAZ00001230447	EGAF00001198166	3d751d3e-1470-4c33-94c0-fd24c71d55a6/analysis.3d751d3e-1470-4c33-94c0-fd24c71d55a6.GNOS.xml.gz
EGAD00001002157	EGAZ00001230448	EGAF00001197503	bd757363-1ecc-4349-8e99-8358ba820665/809b5a4e368b19a1623d20af090cb93a.bam
EGAD00001002157	EGAZ00001230448	EGAF00001197504	bd757363-1ecc-4349-8e99-8358ba820665/809b5a4e368b19a1623d20af090cb93a.bam.bai
EGAD00001002157	EGAZ00001230448	EGAF00001197505	bd757363-1ecc-4349-8e99-8358ba820665/analysis.bd757363-1ecc-4349-8e99-8358ba820665.GNOS.xml.gz
EGAD00001002157	EGAZ00001230449	EGAF00001198167	175c00bc-e659-4b26-99ea-7012655fbd2f/27fa9ed7f5ab0870a4684783c099aa0e.bam
EGAD00001002157	EGAZ00001230449	EGAF00001198168	175c00bc-e659-4b26-99ea-7012655fbd2f/27fa9ed7f5ab0870a4684783c099aa0e.bam.bai
EGAD00001002157	EGAZ00001230449	EGAF00001198169	175c00bc-e659-4b26-99ea-7012655fbd2f/analysis.175c00bc-e659-4b26-99ea-7012655fbd2f.GNOS.xml.gz
EGAD00001002157	EGAZ00001230450	EGAF00001197110	b0b30338-e7bc-48a8-a511-99a391c9f25b/bbfd80b3f0ca4234103517572c8a9857.bam
EGAD00001002157	EGAZ00001230450	EGAF00001197111	b0b30338-e7bc-48a8-a511-99a391c9f25b/bbfd80b3f0ca4234103517572c8a9857.bam.bai
EGAD00001002157	EGAZ00001230450	EGAF00001197112	b0b30338-e7bc-48a8-a511-99a391c9f25b/analysis.b0b30338-e7bc-48a8-a511-99a391c9f25b.GNOS.xml.gz
EGAD00001002157	EGAZ00001230451	EGAF00001197506	40c7468a-34de-4f4f-a85e-5d3735cb0600/aab4b5cefe3163a05b19c3f203e1327a.bam
EGAD00001002157	EGAZ00001230451	EGAF00001197507	40c7468a-34de-4f4f-a85e-5d3735cb0600/aab4b5cefe3163a05b19c3f203e1327a.bam.bai
EGAD00001002157	EGAZ00001230451	EGAF00001197508	40c7468a-34de-4f4f-a85e-5d3735cb0600/analysis.40c7468a-34de-4f4f-a85e-5d3735cb0600.GNOS.xml.gz
EGAD00001002157	EGAZ00001230452	EGAF00001197113	c07a3dcc-954f-44b1-baca-6ca4a796e1bf/e4aca512bd3298bacc694d7ed43f03b9.bam
EGAD00001002157	EGAZ00001230452	EGAF00001197114	c07a3dcc-954f-44b1-baca-6ca4a796e1bf/e4aca512bd3298bacc694d7ed43f03b9.bam.bai
EGAD00001002157	EGAZ00001230452	EGAF00001197115	c07a3dcc-954f-44b1-baca-6ca4a796e1bf/analysis.c07a3dcc-954f-44b1-baca-6ca4a796e1bf.GNOS.xml.gz
EGAD00001002157	EGAZ00001230453	EGAF00001197509	642365da-3974-4a57-a0bc-1fbb252c148e/c9f7f32995e170a3266ecb85778bb70b.bam
EGAD00001002157	EGAZ00001230453	EGAF00001197510	642365da-3974-4a57-a0bc-1fbb252c148e/c9f7f32995e170a3266ecb85778bb70b.bam.bai
EGAD00001002157	EGAZ00001230453	EGAF00001197511	642365da-3974-4a57-a0bc-1fbb252c148e/analysis.642365da-3974-4a57-a0bc-1fbb252c148e.GNOS.xml.gz
EGAD00001002157	EGAZ00001230454	EGAF00001197512	49f5bcc6-b142-45d7-8b3d-452b30e00f95/be47775e4c0dfe8614e15cd8248b0f30.bam
EGAD00001002157	EGAZ00001230454	EGAF00001197513	49f5bcc6-b142-45d7-8b3d-452b30e00f95/be47775e4c0dfe8614e15cd8248b0f30.bam.bai
EGAD00001002157	EGAZ00001230454	EGAF00001197514	49f5bcc6-b142-45d7-8b3d-452b30e00f95/analysis.49f5bcc6-b142-45d7-8b3d-452b30e00f95.GNOS.xml.gz
EGAD00001002157	EGAZ00001230455	EGAF00001197116	2ad2aae2-4900-4d89-8f28-2154f29e12be/fe70b57ad4defed39ce5dee55586549d.bam
EGAD00001002157	EGAZ00001230455	EGAF00001197117	2ad2aae2-4900-4d89-8f28-2154f29e12be/fe70b57ad4defed39ce5dee55586549d.bam.bai
EGAD00001002157	EGAZ00001230455	EGAF00001197118	2ad2aae2-4900-4d89-8f28-2154f29e12be/analysis.2ad2aae2-4900-4d89-8f28-2154f29e12be.GNOS.xml.gz
EGAD00001002157	EGAZ00001230456	EGAF00001197119	9be93448-4445-418a-9246-98e052ce85a2/fd14e36d21cb526d1376bc114d59b10f.bam
EGAD00001002157	EGAZ00001230456	EGAF00001197120	9be93448-4445-418a-9246-98e052ce85a2/fd14e36d21cb526d1376bc114d59b10f.bam.bai
EGAD00001002157	EGAZ00001230456	EGAF00001197121	9be93448-4445-418a-9246-98e052ce85a2/analysis.9be93448-4445-418a-9246-98e052ce85a2.GNOS.xml.gz
EGAD00001002157	EGAZ00001230457	EGAF00001197515	eb20684a-e840-4062-bc36-d2b361bbe971/07bfe7cc8b592b3f8ad54f2ef195772c.bam
EGAD00001002157	EGAZ00001230457	EGAF00001197516	eb20684a-e840-4062-bc36-d2b361bbe971/07bfe7cc8b592b3f8ad54f2ef195772c.bam.bai
EGAD00001002157	EGAZ00001230457	EGAF00001197517	eb20684a-e840-4062-bc36-d2b361bbe971/analysis.eb20684a-e840-4062-bc36-d2b361bbe971.GNOS.xml.gz
EGAD00001002157	EGAZ00001230458	EGAF00001198257	a3165477-60fb-409e-95f6-eadd6ad816e4/4900658957425dc83c491749010789a5.bam
EGAD00001002157	EGAZ00001230458	EGAF00001198258	a3165477-60fb-409e-95f6-eadd6ad816e4/4900658957425dc83c491749010789a5.bam.bai
EGAD00001002157	EGAZ00001230458	EGAF00001198259	a3165477-60fb-409e-95f6-eadd6ad816e4/analysis.a3165477-60fb-409e-95f6-eadd6ad816e4.GNOS.xml.gz
EGAD00001002157	EGAZ00001230459	EGAF00001197122	818d022e-24ba-4d00-bd58-37701deeb23e/cd6fcf294468808ed78d2c3bcaf2536c.bam
EGAD00001002157	EGAZ00001230459	EGAF00001197123	818d022e-24ba-4d00-bd58-37701deeb23e/cd6fcf294468808ed78d2c3bcaf2536c.bam.bai
EGAD00001002157	EGAZ00001230459	EGAF00001197124	818d022e-24ba-4d00-bd58-37701deeb23e/analysis.818d022e-24ba-4d00-bd58-37701deeb23e.GNOS.xml.gz
EGAD00001002157	EGAZ00001230460	EGAF00001198260	e136c9a7-eb13-4d50-8def-a1222aba09e7/27db445a42fc21d59a9b5acc44829e59.bam
EGAD00001002157	EGAZ00001230460	EGAF00001198261	e136c9a7-eb13-4d50-8def-a1222aba09e7/27db445a42fc21d59a9b5acc44829e59.bam.bai
EGAD00001002157	EGAZ00001230460	EGAF00001198262	e136c9a7-eb13-4d50-8def-a1222aba09e7/analysis.e136c9a7-eb13-4d50-8def-a1222aba09e7.GNOS.xml.gz
EGAD00001002157	EGAZ00001230461	EGAF00001197518	464e7e8e-91a2-4aa6-9777-41afa1e49bb2/a735915f7c066bbf76c25c63bb46aecb.bam
EGAD00001002157	EGAZ00001230461	EGAF00001197519	464e7e8e-91a2-4aa6-9777-41afa1e49bb2/a735915f7c066bbf76c25c63bb46aecb.bam.bai
EGAD00001002157	EGAZ00001230461	EGAF00001197520	464e7e8e-91a2-4aa6-9777-41afa1e49bb2/analysis.464e7e8e-91a2-4aa6-9777-41afa1e49bb2.GNOS.xml.gz
EGAD00001002157	EGAZ00001230462	EGAF00001197125	b6d48002-7a52-46c0-92e7-c35157828180/528ff42699c53a2fd2131fb4eb55344f.bam
EGAD00001002157	EGAZ00001230462	EGAF00001197126	b6d48002-7a52-46c0-92e7-c35157828180/528ff42699c53a2fd2131fb4eb55344f.bam.bai
EGAD00001002157	EGAZ00001230462	EGAF00001197127	b6d48002-7a52-46c0-92e7-c35157828180/analysis.b6d48002-7a52-46c0-92e7-c35157828180.GNOS.xml.gz
EGAD00001002157	EGAZ00001230463	EGAF00001197521	2405be01-2862-4b63-82e7-cf4aef25c05d/21f6e2c6c497b256d485cb02ceef6910.bam
EGAD00001002157	EGAZ00001230463	EGAF00001197522	2405be01-2862-4b63-82e7-cf4aef25c05d/21f6e2c6c497b256d485cb02ceef6910.bam.bai
EGAD00001002157	EGAZ00001230463	EGAF00001197523	2405be01-2862-4b63-82e7-cf4aef25c05d/analysis.2405be01-2862-4b63-82e7-cf4aef25c05d.GNOS.xml.gz
EGAD00001002157	EGAZ00001230464	EGAF00001198170	ac4b184b-938d-4557-84cf-f31db770b137/5f3cd12aafcc73b605a84e62bce7ac3a.bam
EGAD00001002157	EGAZ00001230464	EGAF00001198171	ac4b184b-938d-4557-84cf-f31db770b137/5f3cd12aafcc73b605a84e62bce7ac3a.bam.bai
EGAD00001002157	EGAZ00001230464	EGAF00001198172	ac4b184b-938d-4557-84cf-f31db770b137/analysis.ac4b184b-938d-4557-84cf-f31db770b137.GNOS.xml.gz
EGAD00001002157	EGAZ00001230465	EGAF00001197524	00fa3a83-79eb-40de-8432-34c64d8f9b14/99543b13e89b780a61a2cb0dac79f622.bam
EGAD00001002157	EGAZ00001230465	EGAF00001197525	00fa3a83-79eb-40de-8432-34c64d8f9b14/99543b13e89b780a61a2cb0dac79f622.bam.bai
EGAD00001002157	EGAZ00001230465	EGAF00001197526	00fa3a83-79eb-40de-8432-34c64d8f9b14/analysis.00fa3a83-79eb-40de-8432-34c64d8f9b14.GNOS.xml.gz
EGAD00001002157	EGAZ00001230466	EGAF00001198173	58150c41-0286-4e2c-9646-2cc23460df1f/0a20f028fea85b9f5bdab576c781b2d1.bam
EGAD00001002157	EGAZ00001230466	EGAF00001198174	58150c41-0286-4e2c-9646-2cc23460df1f/0a20f028fea85b9f5bdab576c781b2d1.bam.bai
EGAD00001002157	EGAZ00001230466	EGAF00001198175	58150c41-0286-4e2c-9646-2cc23460df1f/analysis.58150c41-0286-4e2c-9646-2cc23460df1f.GNOS.xml.gz
EGAD00001002157	EGAZ00001230467	EGAF00001197128	f972bf58-e6b0-4c17-a191-5c0450d4c860/8aec0a44c77ff97b3b1b4d473d184eb3.bam
EGAD00001002157	EGAZ00001230467	EGAF00001197129	f972bf58-e6b0-4c17-a191-5c0450d4c860/8aec0a44c77ff97b3b1b4d473d184eb3.bam.bai
EGAD00001002157	EGAZ00001230467	EGAF00001197130	f972bf58-e6b0-4c17-a191-5c0450d4c860/analysis.f972bf58-e6b0-4c17-a191-5c0450d4c860.GNOS.xml.gz
EGAD00001002157	EGAZ00001230468	EGAF00001197527	5ee6ad1f-e8b0-400a-b490-df94f682ed22/57f38f627a998d43a8474fd5be113929.bam
EGAD00001002157	EGAZ00001230468	EGAF00001197528	5ee6ad1f-e8b0-400a-b490-df94f682ed22/57f38f627a998d43a8474fd5be113929.bam.bai
EGAD00001002157	EGAZ00001230468	EGAF00001197529	5ee6ad1f-e8b0-400a-b490-df94f682ed22/analysis.5ee6ad1f-e8b0-400a-b490-df94f682ed22.GNOS.xml.gz
EGAD00001002157	EGAZ00001230469	EGAF00001197530	77120f5d-69d4-4486-b5f6-18f2dca39780/5284ed760c8ae1dca27fd9806653d30d.bam
EGAD00001002157	EGAZ00001230469	EGAF00001197531	77120f5d-69d4-4486-b5f6-18f2dca39780/5284ed760c8ae1dca27fd9806653d30d.bam.bai
EGAD00001002157	EGAZ00001230469	EGAF00001197532	77120f5d-69d4-4486-b5f6-18f2dca39780/analysis.77120f5d-69d4-4486-b5f6-18f2dca39780.GNOS.xml.gz
EGAD00001002157	EGAZ00001230470	EGAF00001197131	5d48effc-2e98-447f-b989-3be30943a577/77089c8c133d3d5d2bce80e6d36bd8a3.bam
EGAD00001002157	EGAZ00001230470	EGAF00001197132	5d48effc-2e98-447f-b989-3be30943a577/77089c8c133d3d5d2bce80e6d36bd8a3.bam.bai
EGAD00001002157	EGAZ00001230470	EGAF00001197133	5d48effc-2e98-447f-b989-3be30943a577/analysis.5d48effc-2e98-447f-b989-3be30943a577.GNOS.xml.gz
EGAD00001002157	EGAZ00001230471	EGAF00001197134	2e4e616c-ce20-44f1-a503-8b850afb293b/3974e64208f88aa4858d297f3866171e.bam
EGAD00001002157	EGAZ00001230471	EGAF00001197135	2e4e616c-ce20-44f1-a503-8b850afb293b/3974e64208f88aa4858d297f3866171e.bam.bai
EGAD00001002157	EGAZ00001230471	EGAF00001197136	2e4e616c-ce20-44f1-a503-8b850afb293b/analysis.2e4e616c-ce20-44f1-a503-8b850afb293b.GNOS.xml.gz
EGAD00001002157	EGAZ00001230472	EGAF00001197533	0d6d24b0-2311-439e-ae65-44e8e586749d/fb2367d6d848668d6f36d80e7262e724.bam
EGAD00001002157	EGAZ00001230472	EGAF00001197534	0d6d24b0-2311-439e-ae65-44e8e586749d/fb2367d6d848668d6f36d80e7262e724.bam.bai
EGAD00001002157	EGAZ00001230472	EGAF00001197535	0d6d24b0-2311-439e-ae65-44e8e586749d/analysis.0d6d24b0-2311-439e-ae65-44e8e586749d.GNOS.xml.gz
EGAD00001002157	EGAZ00001230473	EGAF00001197137	021c1ff7-3a5d-419c-b2c2-1a8fdcc67874/b591415426a314ef0a74ae9459313dc6.bam
EGAD00001002157	EGAZ00001230473	EGAF00001197138	021c1ff7-3a5d-419c-b2c2-1a8fdcc67874/b591415426a314ef0a74ae9459313dc6.bam.bai
EGAD00001002157	EGAZ00001230473	EGAF00001197139	021c1ff7-3a5d-419c-b2c2-1a8fdcc67874/analysis.021c1ff7-3a5d-419c-b2c2-1a8fdcc67874.GNOS.xml.gz
EGAD00001002157	EGAZ00001230474	EGAF00001197536	43fb8d9e-be8c-46a5-9e50-ba5590f9af5a/61dfa7eaa9cb3bfd31e8a3a9003a5924.bam
EGAD00001002157	EGAZ00001230474	EGAF00001197537	43fb8d9e-be8c-46a5-9e50-ba5590f9af5a/61dfa7eaa9cb3bfd31e8a3a9003a5924.bam.bai
EGAD00001002157	EGAZ00001230474	EGAF00001197538	43fb8d9e-be8c-46a5-9e50-ba5590f9af5a/analysis.43fb8d9e-be8c-46a5-9e50-ba5590f9af5a.GNOS.xml.gz
EGAD00001002157	EGAZ00001230475	EGAF00001197140	977f90cb-312a-4caa-a9cf-8cba090bbb6c/6935fc901ee2d86f6dbc961a51150f2a.bam
EGAD00001002157	EGAZ00001230475	EGAF00001197141	977f90cb-312a-4caa-a9cf-8cba090bbb6c/6935fc901ee2d86f6dbc961a51150f2a.bam.bai
EGAD00001002157	EGAZ00001230475	EGAF00001197142	977f90cb-312a-4caa-a9cf-8cba090bbb6c/analysis.977f90cb-312a-4caa-a9cf-8cba090bbb6c.GNOS.xml.gz
EGAD00001002157	EGAZ00001230476	EGAF00001197539	c99b87c4-71ec-4784-af1f-3a69ae19abb7/e70707cb0870ab8b80403f29fea7f543.bam
EGAD00001002157	EGAZ00001230476	EGAF00001197540	c99b87c4-71ec-4784-af1f-3a69ae19abb7/e70707cb0870ab8b80403f29fea7f543.bam.bai
EGAD00001002157	EGAZ00001230476	EGAF00001197541	c99b87c4-71ec-4784-af1f-3a69ae19abb7/analysis.c99b87c4-71ec-4784-af1f-3a69ae19abb7.GNOS.xml.gz
EGAD00001002157	EGAZ00001230477	EGAF00001197143	ef277acb-f97a-400e-98da-4daaa194dfaf/84a84935ec3b9bb90f33168d7df1fdba.bam
EGAD00001002157	EGAZ00001230477	EGAF00001197144	ef277acb-f97a-400e-98da-4daaa194dfaf/84a84935ec3b9bb90f33168d7df1fdba.bam.bai
EGAD00001002157	EGAZ00001230477	EGAF00001197145	ef277acb-f97a-400e-98da-4daaa194dfaf/analysis.ef277acb-f97a-400e-98da-4daaa194dfaf.GNOS.xml.gz
EGAD00001002157	EGAZ00001230478	EGAF00001197542	0c336965-559b-4fc8-9a43-ff16d6c03579/1994140cb2ebae6350385726f5ffa125.bam
EGAD00001002157	EGAZ00001230478	EGAF00001197543	0c336965-559b-4fc8-9a43-ff16d6c03579/1994140cb2ebae6350385726f5ffa125.bam.bai
EGAD00001002157	EGAZ00001230478	EGAF00001197544	0c336965-559b-4fc8-9a43-ff16d6c03579/analysis.0c336965-559b-4fc8-9a43-ff16d6c03579.GNOS.xml.gz
EGAD00001002157	EGAZ00001230479	EGAF00001197146	630c056d-cbc7-4a02-ac5a-1cadbe4dc901/d1d56af73c9b47010a890197f13614f1.bam
EGAD00001002157	EGAZ00001230479	EGAF00001197147	630c056d-cbc7-4a02-ac5a-1cadbe4dc901/d1d56af73c9b47010a890197f13614f1.bam.bai
EGAD00001002157	EGAZ00001230479	EGAF00001197148	630c056d-cbc7-4a02-ac5a-1cadbe4dc901/analysis.630c056d-cbc7-4a02-ac5a-1cadbe4dc901.GNOS.xml.gz
EGAD00001002157	EGAZ00001230480	EGAF00001197545	b2f61d3e-dd04-4492-a273-b8e585bf1b83/84e9d222d5b28a90b27643850e6eb513.bam
EGAD00001002157	EGAZ00001230480	EGAF00001197546	b2f61d3e-dd04-4492-a273-b8e585bf1b83/84e9d222d5b28a90b27643850e6eb513.bam.bai
EGAD00001002157	EGAZ00001230480	EGAF00001197547	b2f61d3e-dd04-4492-a273-b8e585bf1b83/analysis.b2f61d3e-dd04-4492-a273-b8e585bf1b83.GNOS.xml.gz
EGAD00001002157	EGAZ00001230481	EGAF00001197149	ac92d284-eed3-4352-b5f5-7cb18f427f6a/6f7534a3ae42b8d16102065063e3e2fe.bam
EGAD00001002157	EGAZ00001230481	EGAF00001197150	ac92d284-eed3-4352-b5f5-7cb18f427f6a/6f7534a3ae42b8d16102065063e3e2fe.bam.bai
EGAD00001002157	EGAZ00001230481	EGAF00001197151	ac92d284-eed3-4352-b5f5-7cb18f427f6a/analysis.ac92d284-eed3-4352-b5f5-7cb18f427f6a.GNOS.xml.gz
EGAD00001002157	EGAZ00001230482	EGAF00001197548	7f6cb47e-653b-46e2-b920-0367bc34ba4a/889e90a0c9e995b24c79ea26aa389235.bam
EGAD00001002157	EGAZ00001230482	EGAF00001197549	7f6cb47e-653b-46e2-b920-0367bc34ba4a/889e90a0c9e995b24c79ea26aa389235.bam.bai
EGAD00001002157	EGAZ00001230482	EGAF00001197550	7f6cb47e-653b-46e2-b920-0367bc34ba4a/analysis.7f6cb47e-653b-46e2-b920-0367bc34ba4a.GNOS.xml.gz
EGAD00001002157	EGAZ00001230483	EGAF00001197152	21be3cdf-5ceb-4ea3-a67a-f748f49ddbeb/40a6b83a81a4773a273b8aea5696ece4.bam
EGAD00001002157	EGAZ00001230483	EGAF00001197153	21be3cdf-5ceb-4ea3-a67a-f748f49ddbeb/40a6b83a81a4773a273b8aea5696ece4.bam.bai
EGAD00001002157	EGAZ00001230483	EGAF00001197154	21be3cdf-5ceb-4ea3-a67a-f748f49ddbeb/analysis.21be3cdf-5ceb-4ea3-a67a-f748f49ddbeb.GNOS.xml.gz
