filename	checksum	unencrypted_checksum
e7c55758-9e0d-49d6-95b0-c36b04ded838/analysis.e7c55758-9e0d-49d6-95b0-c36b04ded838.GNOS.xml.gz.gpg	ce9d2c3c890d7f1a4143d6eed2278e8a	d30fcf900dd9dba5ab9503ffe9258e23
a7d9fee6-7a20-47c1-8cd7-5d2416889e3c/analysis.a7d9fee6-7a20-47c1-8cd7-5d2416889e3c.GNOS.xml.gz.gpg	17248a29d37d44de47853610b01f141c	1dfec2c89266b48f5fdcaa6fd5a7972f
35c7356e-44c1-436f-9143-6be4b05a8574/analysis.35c7356e-44c1-436f-9143-6be4b05a8574.GNOS.xml.gz.gpg		ed983504c3d86b5974e56d40528975cf
a622d2ec-5295-46db-ae24-9b4e4e842cfa/analysis.a622d2ec-5295-46db-ae24-9b4e4e842cfa.GNOS.xml.gz.gpg		970b9dbf003500976af752bccd76a2a0
0912cf0d-5ceb-49ee-81b9-04ebb01a0fca/analysis.0912cf0d-5ceb-49ee-81b9-04ebb01a0fca.GNOS.xml.gz.gpg		209e8a3fdb285cd0c7e7924f24550556
ffdf781e-c122-4a46-ab71-20456b008949/analysis.ffdf781e-c122-4a46-ab71-20456b008949.GNOS.xml.gz.gpg	1e4096c8a8856a13e118ca1ee9359923	8e01928e85073c0849c90b8d7bd21568
f75b70f8-cf21-4129-806f-c31f5f87c516/analysis.f75b70f8-cf21-4129-806f-c31f5f87c516.GNOS.xml.gz.gpg	ac8ef59caec63a48b155dc9469a57c18	c82edfb4e07553c20b77fb6c9bc12dfe
4be8360a-625c-491d-9ff4-e70afb69816b/analysis.4be8360a-625c-491d-9ff4-e70afb69816b.GNOS.xml.gz.gpg	975132bbe6a76458ece54867f081ca71	c907092a147c3a40495b56d7e768dd8e
d6fbe8d4-197d-429c-a92d-da615fe6d2c6/analysis.d6fbe8d4-197d-429c-a92d-da615fe6d2c6.GNOS.xml.gz.gpg	8e2f45d5fcc07135a6599caec6fcedfb	c3998f1678a3455a41ec73d8615ab76d
55e627f8-7dbf-4def-ad6f-12a04814d5e5/analysis.55e627f8-7dbf-4def-ad6f-12a04814d5e5.GNOS.xml.gz.gpg	65a816191bbc17bdafbf43c896b3d27c	60dddec32167ca08dd5a63e038ee4fcf
e4bb4a0e-1204-456b-a063-97d651f9e360/analysis.e4bb4a0e-1204-456b-a063-97d651f9e360.GNOS.xml.gz.gpg	9be37be6be86cff9d1fdc4c9e100420f	bac059ecdb11efa3b13edf7fd12fa0ab
dab638bc-dde7-4e2a-b5b5-278a7450b480/analysis.dab638bc-dde7-4e2a-b5b5-278a7450b480.GNOS.xml.gz.gpg	af80fd67b616ab3c8b4b44c0df349855	4ec93c114a77fe8a1e6ba8ccd193e4e5
2e802143-9779-42d7-898b-31db6a6f1097/analysis.2e802143-9779-42d7-898b-31db6a6f1097.GNOS.xml.gz.gpg		1262ced2dace13943a4405bbe7a1dd93
533c53b0-45c4-4837-9872-08a1ac453677/analysis.533c53b0-45c4-4837-9872-08a1ac453677.GNOS.xml.gz.gpg	e16ede2ff7b3f8c79c19168d903875b3	f630f66ece4d3855f97114dfa9e89b25
ad6f5766-447d-4924-9919-de7a406ee047/analysis.ad6f5766-447d-4924-9919-de7a406ee047.GNOS.xml.gz.gpg	44127ffb4efe2c5fc109cc8b88e3830d	77f9ad2386be90f6591698c6d726250f
f7300110-2287-485a-b7ca-4afd03dbadd3/analysis.f7300110-2287-485a-b7ca-4afd03dbadd3.GNOS.xml.gz.gpg		97ae77796eb679f816e72e05b223b672
ecaa889e-03a1-44cb-b614-b001c8c91393/analysis.ecaa889e-03a1-44cb-b614-b001c8c91393.GNOS.xml.gz.gpg	586a1f5b2b74d2f396a4d503398fd7fd	3ebf2a717fb0ace63381a9e772e21445
e9f35409-d9d8-4d88-97b8-d584b8e7923b/analysis.e9f35409-d9d8-4d88-97b8-d584b8e7923b.GNOS.xml.gz.gpg	ef63eb6305d5153e612b078fe590dac8	cb10b51af55a32f5de866a0aeea5cd6a
f4e2a292-bace-44e3-9be8-271a7a8f2f16/analysis.f4e2a292-bace-44e3-9be8-271a7a8f2f16.GNOS.xml.gz.gpg	9d2d7d424a1075dbc9462423267d0b2b	434785db9efdbfde0274e1cc09156057
15a968c5-a3b1-4ff4-beba-e3992ba5f167/analysis.15a968c5-a3b1-4ff4-beba-e3992ba5f167.GNOS.xml.gz.gpg		4a7d54b32e6323749dc2b540f1b7723d
02111009-9b9b-4cf4-84ec-161b09987833/analysis.02111009-9b9b-4cf4-84ec-161b09987833.GNOS.xml.gz.gpg		b9205fda6ff8c59294f1c80b656fc74d
14d34266-0367-490c-8cef-42df78c5c17a/analysis.14d34266-0367-490c-8cef-42df78c5c17a.GNOS.xml.gz.gpg		cef91205dfea522c2031f4dd15ddb6ef
16a3bf51-05ce-4f2a-9e38-84924c1a8679/analysis.16a3bf51-05ce-4f2a-9e38-84924c1a8679.GNOS.xml.gz.gpg		d77513ae43dac44f72a948339c308aa2
95cfd03b-04fc-4795-93c5-69025ef05e7e/analysis.95cfd03b-04fc-4795-93c5-69025ef05e7e.GNOS.xml.gz.gpg	b6996bac1fc9223eb28ee7f3502df7b9	90816d21889263791ca35f13e29ad14f
3c76e6b7-a546-4767-ba3a-9e4fb6dcb3f8/analysis.3c76e6b7-a546-4767-ba3a-9e4fb6dcb3f8.GNOS.xml.gz.gpg		9d6e12207aba5d8dcd0a0bbd7cec0c60
7d8449fd-3267-4933-b53f-672d18b74972/analysis.7d8449fd-3267-4933-b53f-672d18b74972.GNOS.xml.gz.gpg	02f85abec5f007434260e139b578ba4a	3c3832c4fcdfa9325340fd860254c076
82d6ee0a-98b6-47cf-856a-6d30f93f2bd3/analysis.82d6ee0a-98b6-47cf-856a-6d30f93f2bd3.GNOS.xml.gz.gpg	57a5e8516110efa4a69af7293d227acf	54e0583a5c946287f2c5fe3d7c20b773
6e629083-bc1e-405d-a595-0489e51b9e6e/analysis.6e629083-bc1e-405d-a595-0489e51b9e6e.GNOS.xml.gz.gpg	e54a57f98a469986d32f21392ea06a46	f30bf663f9067dfd9a931b7d82657d08
d22252cd-7998-4813-9bea-36a1661a7d89/analysis.d22252cd-7998-4813-9bea-36a1661a7d89.GNOS.xml.gz.gpg	2cb5c15ee3f99320a6a41a5093948656	aab91d9d1448cc6628a395ca05143497
d878c052-bad9-449a-bc1f-bff52b2358c7/analysis.d878c052-bad9-449a-bc1f-bff52b2358c7.GNOS.xml.gz.gpg	8f6211b6cdb8dfbd7121c6b133650e7f	aac9f86f1277e8d0ba948def5017fd51
3efc13d9-42bb-44a3-adbb-407e95db9e18/analysis.3efc13d9-42bb-44a3-adbb-407e95db9e18.GNOS.xml.gz.gpg		9ac1e65749e98e17ffa91e4a808ef460
68703751-9114-4376-82c7-96d40cd1f53b/analysis.68703751-9114-4376-82c7-96d40cd1f53b.GNOS.xml.gz.gpg	1cf4ac6096237f424a08a25f2b3cf860	3daf55570810c0220cd40cd069f2992c
6564657f-63de-4303-ae27-a5431a61422b/analysis.6564657f-63de-4303-ae27-a5431a61422b.GNOS.xml.gz.gpg	02ad0744b4cfb03032a949e10a396f12	8636c43b49cfef61897111d1ea238a35
cb855c8e-b297-48b2-9a2a-451bab7e854d/analysis.cb855c8e-b297-48b2-9a2a-451bab7e854d.GNOS.xml.gz.gpg		20c6d8f4766c80c62109ddb87293c694
ec5bcc2b-7377-415a-8ace-c3573508a168/analysis.ec5bcc2b-7377-415a-8ace-c3573508a168.GNOS.xml.gz.gpg	da742d4515cf9281ba8783c69d033724	a822f1e8e392775e5e58525ba97ee035
0713bec1-34c7-4568-9e30-e214c92c662c/analysis.0713bec1-34c7-4568-9e30-e214c92c662c.GNOS.xml.gz.gpg		a1425fad64bf3972ce39c7c6b8e61731
e7730fe4-4a8d-4ab3-9765-09977972ad4f/analysis.e7730fe4-4a8d-4ab3-9765-09977972ad4f.GNOS.xml.gz.gpg	e2e8947d83597b5b5480e5cf1f026ef1	0364dd76f5e57f347a2eb5f9b5660551
8cbb78eb-45ba-4e91-9729-61d9137e1456/analysis.8cbb78eb-45ba-4e91-9729-61d9137e1456.GNOS.xml.gz.gpg		717e7bc22dea0ce0c3ad08480036d044
8ad6ff86-6966-4e0b-8d3b-697b099281a0/analysis.8ad6ff86-6966-4e0b-8d3b-697b099281a0.GNOS.xml.gz.gpg	1d8170c9447f0d5036f8472633bbaa43	ab1bba0434e93ecaa0f251d4b65b8aaf
c15ab6ed-6752-46f5-9e2a-f851db6f4e6a/analysis.c15ab6ed-6752-46f5-9e2a-f851db6f4e6a.GNOS.xml.gz.gpg		1a4337305ecf391baa24ffd59e8c77d1
912cb021-8c9d-4e74-8654-5c53548deef6/analysis.912cb021-8c9d-4e74-8654-5c53548deef6.GNOS.xml.gz.gpg	5e62ffef58fb623bde9c8eddbcdb0bd5	6a5b6c0b5f451cb359f298d2b9a433b2
309ebb01-10aa-482c-9d78-e84ca56db09b/analysis.309ebb01-10aa-482c-9d78-e84ca56db09b.GNOS.xml.gz.gpg		752ca359076290bdf8ba21aace21431b
e8dfed12-51f4-4f35-8c5d-f9a892f00eed/analysis.e8dfed12-51f4-4f35-8c5d-f9a892f00eed.GNOS.xml.gz.gpg	b1943c07f1df6f7adbe11129e2f70705	b56bc4a573c7f7370adcda55250bdcea
2cd0a73f-8728-4a6a-b408-af614b1b1685/analysis.2cd0a73f-8728-4a6a-b408-af614b1b1685.GNOS.xml.gz.gpg		22644a1684a33d6bd4ce3ea839bb10eb
fc06a5aa-3d90-429c-8fb8-b1dc4ffd6872/analysis.fc06a5aa-3d90-429c-8fb8-b1dc4ffd6872.GNOS.xml.gz.gpg	3b93978cd5417ee9cfffde1ffaaa15b6	156986a8c47f716d5421bd96b5ac700f
cb05cd5c-77bb-4e45-b9af-fe711abc550d/analysis.cb05cd5c-77bb-4e45-b9af-fe711abc550d.GNOS.xml.gz.gpg		e4e1c4bbb37c125c172807eb8c257f3a
26074403-933d-4619-918b-0b3b4bf593ed/analysis.26074403-933d-4619-918b-0b3b4bf593ed.GNOS.xml.gz.gpg		11601ac3b1f5391ecee91cf92148bfc7
d1a6bd27-5701-40af-9c43-14ea43672c96/analysis.d1a6bd27-5701-40af-9c43-14ea43672c96.GNOS.xml.gz.gpg	b7b1c216fc6444f919d537c97d05681d	0b4338f1a851b167568e27f0d937dcc7
b01406ef-252a-4a3c-8aec-9d67c937c01b/analysis.b01406ef-252a-4a3c-8aec-9d67c937c01b.GNOS.xml.gz.gpg	b6ba01b0864eb9c838a7caa51a9aa5d1	2e4531b4b5d3c0b908ea49dc20625377
3d51fdaa-e9b2-4a86-ad3c-fa2eab659736/analysis.3d51fdaa-e9b2-4a86-ad3c-fa2eab659736.GNOS.xml.gz.gpg		dc2e02f2346a23687dfd6a7eb09a2e5b
fc929fc5-7e61-44b4-88d1-efdbebe2d2e3/analysis.fc929fc5-7e61-44b4-88d1-efdbebe2d2e3.GNOS.xml.gz.gpg	d5c0dba96e0392aa6e1a0cedba9b391c	956ada0d5b2b9aaf66e0bc31ef2fee97
b5b1b397-888f-4eb3-8fdc-69dc30e768fa/analysis.b5b1b397-888f-4eb3-8fdc-69dc30e768fa.GNOS.xml.gz.gpg	de4c1a862d542607fbc0163c26155b6e	8f84a25f36347e02ff6de7d3cbdb4db1
ea4ab9a0-2945-47ff-a917-49fdd04fad30/analysis.ea4ab9a0-2945-47ff-a917-49fdd04fad30.GNOS.xml.gz.gpg	05f90423763ae9a86904f6eb32cd8733	72e8f5434575b68b4b82ef66810bcab3
178404a0-4543-4d67-9401-35cbf0c91b51/analysis.178404a0-4543-4d67-9401-35cbf0c91b51.GNOS.xml.gz.gpg		c690f01e2452bf0d99a36aebcd0e5983
8a4eebe5-6224-46ce-aaa7-062a5f579e7d/analysis.8a4eebe5-6224-46ce-aaa7-062a5f579e7d.GNOS.xml.gz.gpg	b69257060f6611d8375c47ef9d71cc2a	1e2942156187c195b164ded9b68a0c4a
98c378b3-80b4-4c6d-9c9f-e5961a5996fc/analysis.98c378b3-80b4-4c6d-9c9f-e5961a5996fc.GNOS.xml.gz.gpg		6094d16466c1d6e3569bc8b56e997577
b793b284-be0c-445b-a3f1-1b21d118006d/analysis.b793b284-be0c-445b-a3f1-1b21d118006d.GNOS.xml.gz.gpg	d0ae86c712b5d8677472d8aeae82b1ad	3e24fcac0c447409a07d076a55392215
ca68b9b1-aed4-478e-84bc-37b9c5dfef32/analysis.ca68b9b1-aed4-478e-84bc-37b9c5dfef32.GNOS.xml.gz.gpg	98896aba66d41c2b69817d81c436fab6	2ee4fa20384f9a6d3a97c6e789467437
59f41b57-6363-491a-8471-355d6dd9b243/analysis.59f41b57-6363-491a-8471-355d6dd9b243.GNOS.xml.gz.gpg	fb2ab780752e000c923542a70b36dd93	7a4bdf7e4e818ed278681d82cf171139
fd285793-a2f7-4387-984e-49efd1695ea2/analysis.fd285793-a2f7-4387-984e-49efd1695ea2.GNOS.xml.gz.gpg	c78f4c7db292312e6371f3239156d6e1	c685a2348a11ce547767b0e29274093d
359ff793-ca2f-4a13-9a31-d015ca418354/analysis.359ff793-ca2f-4a13-9a31-d015ca418354.GNOS.xml.gz.gpg		e0e67009507fba5d2be85358fe9c5351
4ce4f676-a18e-4a6c-a878-e59be89c85a4/analysis.4ce4f676-a18e-4a6c-a878-e59be89c85a4.GNOS.xml.gz.gpg	04b94dc77515ba558cc851fb26141897	1fff5f81cc683cf4870d715b587b5cb9
ebad6a7c-e4e1-4ff5-af75-8f1ec840392d/analysis.ebad6a7c-e4e1-4ff5-af75-8f1ec840392d.GNOS.xml.gz.gpg	79061195360b5434356b25e42afdc897	57f14cfc84a280246ae225c71dae2eb6
8002f0c0-5d84-4268-bbfd-9f6f60e30654/analysis.8002f0c0-5d84-4268-bbfd-9f6f60e30654.GNOS.xml.gz.gpg	1f99a963340a9a5be65765a7292426bb	c98ea87906124355f0c612c27dbe2392
84a6e70d-f6b2-41ae-b0e2-c5ce388bf8d6/analysis.84a6e70d-f6b2-41ae-b0e2-c5ce388bf8d6.GNOS.xml.gz.gpg	98c890a3ca579aa129a87f343518d2d7	74598e99be237fdbccc26196cc00d67f
c8913c37-562d-4aae-a495-ac5527ca45a6/analysis.c8913c37-562d-4aae-a495-ac5527ca45a6.GNOS.xml.gz.gpg	11061b414281cd8224cce8972ae7c2d4	6f1937a713add66561a5636ee59692fb
9474ba66-7e63-4405-8171-3a3fe0a76778/analysis.9474ba66-7e63-4405-8171-3a3fe0a76778.GNOS.xml.gz.gpg	88481509da7e5a560ebba58a436d4870	dfc83b24a39e48ebe322ab49e7eb1d36
2fe48ab2-1af5-46b3-941f-1309c83f5e86/analysis.2fe48ab2-1af5-46b3-941f-1309c83f5e86.GNOS.xml.gz.gpg		6bd5431affe38d8e117dcee0531c4a10
0074df47-7116-4fd7-af31-9d3f85d26868/analysis.0074df47-7116-4fd7-af31-9d3f85d26868.GNOS.xml.gz.gpg		afe4149c47e69e20cfd6f072a6aa7a33
09b32d30-9338-4740-b384-3ad5d4b44a27/analysis.09b32d30-9338-4740-b384-3ad5d4b44a27.GNOS.xml.gz.gpg		97fd40e3f9b8fc59bc03a58ffcf44775
a93add1e-bd74-4287-967d-758f2b15e196/analysis.a93add1e-bd74-4287-967d-758f2b15e196.GNOS.xml.gz.gpg	73b2327ed820cddbc5ac12b51c2cf942	a4d353d8a21b255958d2bda2dd070f32
30f2872b-1e3e-4682-b5d4-d19426d5c24d/analysis.30f2872b-1e3e-4682-b5d4-d19426d5c24d.GNOS.xml.gz.gpg		f6bd186c7bed87681dfe1b81e809c933
99cc8ce7-b26b-4e54-b26c-d389e8241908/analysis.99cc8ce7-b26b-4e54-b26c-d389e8241908.GNOS.xml.gz.gpg	313015c2517e369a25cb3367810b3950	be3a9ebd69209fbb64e4d8e614b6805d
18a92726-d8ea-4238-ba3e-6fe760a9976d/analysis.18a92726-d8ea-4238-ba3e-6fe760a9976d.GNOS.xml.gz.gpg		ca18602e562f2155a12d411791683b89
eac16c5c-fa83-424d-ae0a-5a858bd63680/analysis.eac16c5c-fa83-424d-ae0a-5a858bd63680.GNOS.xml.gz.gpg	1f193d6cc18f576249e4c223b74b34c2	90e17d49dfc3a94b669810adac3e150d
55c9400c-164c-4411-a220-4e61398560a1/analysis.55c9400c-164c-4411-a220-4e61398560a1.GNOS.xml.gz.gpg	4949af3e8104864cdeebc9a46763372a	70e798776310da0ec30437a4982a0e79
c7959b0e-5817-4918-93bb-145347d3dfee/analysis.c7959b0e-5817-4918-93bb-145347d3dfee.GNOS.xml.gz.gpg	ff5eb6d61c2ee2c921d76f7a653361c8	54b406d5273a774a793a146a7a21e529
55ad7165-f25e-4c8f-a0f8-6cc87f1afb1c/analysis.55ad7165-f25e-4c8f-a0f8-6cc87f1afb1c.GNOS.xml.gz.gpg	41852516705e6b78b837b87a4b5f6c21	29d8407948062c369ee8d7bc538ad578
cc95a18e-a318-433c-be09-f6d67fe3f23a/analysis.cc95a18e-a318-433c-be09-f6d67fe3f23a.GNOS.xml.gz.gpg	645e7b26294b2a1e2fb709114cdea6c8	0447a52d480dab2c03dc2b45556a0f70
7ddf193e-ea8a-45b7-b202-3209bf73a77f/analysis.7ddf193e-ea8a-45b7-b202-3209bf73a77f.GNOS.xml.gz.gpg		8631fe03f91304e59fa43740747a660b
ec2cca1e-4a9b-459c-9349-9dc6b6aaebfd/analysis.ec2cca1e-4a9b-459c-9349-9dc6b6aaebfd.GNOS.xml.gz.gpg	bf1304fdbe1f95777460d06cad523d78	4f21dff9e2007d3c87d3f9422916e327
0f69b75d-6cb6-4861-8da6-fd57d5160820/analysis.0f69b75d-6cb6-4861-8da6-fd57d5160820.GNOS.xml.gz.gpg		a0cecfe9449c90bfe55de839be1f69e6
8b579a8a-7820-40ca-90db-b1266c0138ad/analysis.8b579a8a-7820-40ca-90db-b1266c0138ad.GNOS.xml.gz.gpg	40f3cd67f842d26f83306c6ebd6a567f	0fd719574e7c8e71622612888a9a0890
3fd84d2f-4042-4511-9093-737ffb37a947/analysis.3fd84d2f-4042-4511-9093-737ffb37a947.GNOS.xml.gz.gpg		0f27ecbc4d7d5af416fb7892ce1d762b
b8f8a57a-80b7-4130-9667-5aafc6410b3c/analysis.b8f8a57a-80b7-4130-9667-5aafc6410b3c.GNOS.xml.gz.gpg	f47074ea373af49a9096acd09a830514	7d401f7663525288031c8157ba345422
e1a71950-ffd2-40d3-bcfe-0bbef2eaa439/analysis.e1a71950-ffd2-40d3-bcfe-0bbef2eaa439.GNOS.xml.gz.gpg	79b506bc1643d2e4c5ffb93e7544d96a	d8b7547110a82030033ad5085ffd794f
4b51eb35-c5c9-4931-b101-8f5cadc45666/analysis.4b51eb35-c5c9-4931-b101-8f5cadc45666.GNOS.xml.gz.gpg	38f769b2516a88248eff705b9c6ca873	8269ada434b8ad00120b367045b46cec
7f82ff1a-7a8e-4d3f-b6e1-7a3d68b87ac2/analysis.7f82ff1a-7a8e-4d3f-b6e1-7a3d68b87ac2.GNOS.xml.gz.gpg		53c5d061d7dd70b0cb60760c2f502667
8a6b9201-3435-4366-b096-41d62e259fd0/analysis.8a6b9201-3435-4366-b096-41d62e259fd0.GNOS.xml.gz.gpg	7a9906dab7f0004294f92968b91ace28	bc5c3c9f86ade7e8cec1974614e0bb9c
2ff5d849-d00e-46ac-8066-1aef43f4281a/analysis.2ff5d849-d00e-46ac-8066-1aef43f4281a.GNOS.xml.gz.gpg		44d1cabc025fc5dea406b85fd3a81707
65861edf-aaf2-4477-a991-e39e72b2b5cf/analysis.65861edf-aaf2-4477-a991-e39e72b2b5cf.GNOS.xml.gz.gpg	47f3fd478ab910db4d2f9c8efbae5333	9e7a38a961937ecc7ae1d1150adbeadb
32e7c71c-3556-468f-a542-e9a21bb4d20e/analysis.32e7c71c-3556-468f-a542-e9a21bb4d20e.GNOS.xml.gz.gpg		53b7e466b5c4dd6d047125377798fe51
3f7ace0d-7fd3-48dc-973d-9324674de4e5/analysis.3f7ace0d-7fd3-48dc-973d-9324674de4e5.GNOS.xml.gz.gpg		69ff8068c5ff2260280dba93999317bc
095e50fd-64f3-4026-90c1-8f81c45f7a2a/analysis.095e50fd-64f3-4026-90c1-8f81c45f7a2a.GNOS.xml.gz.gpg		2a2be2ae69cdec4a9448feee27bed19b
83256784-edc9-4357-9f49-d49c2ab4c953/analysis.83256784-edc9-4357-9f49-d49c2ab4c953.GNOS.xml.gz.gpg	95d2f908d86223311ce6495289e7bfd0	ec8463e891fdb0829b5466ff392a512b
d29e566c-d416-47f8-9cb9-166db4ef06cb/analysis.d29e566c-d416-47f8-9cb9-166db4ef06cb.GNOS.xml.gz.gpg	17daddf63912c4bf19680bc4c63f3604	08608344904c079c69bf84797d9645fa
76bed7f5-f217-49ea-bc93-b1dc3ac91afc/analysis.76bed7f5-f217-49ea-bc93-b1dc3ac91afc.GNOS.xml.gz.gpg	7dd4bf4777aa146d989f7b23d22e8f74	fec980e301b9da9b96abcc7455b29569
29444357-d5d5-4257-8b0b-9dabbd461c49/analysis.29444357-d5d5-4257-8b0b-9dabbd461c49.GNOS.xml.gz.gpg		ba7b3722402b20b3ee4a2cd91fde5c19
3a0ade29-06c4-4f93-b8db-77973144e138/analysis.3a0ade29-06c4-4f93-b8db-77973144e138.GNOS.xml.gz.gpg		8d63e800a9dbb8183be0f29a9ad7d0f3
3e4497a1-decf-4a04-aa3e-d6514076f66d/analysis.3e4497a1-decf-4a04-aa3e-d6514076f66d.GNOS.xml.gz.gpg		13548032d8dbf8e72ed0acd8328042da
7a68d8c8-b552-4a88-a1dc-d4ee600d7c45/analysis.7a68d8c8-b552-4a88-a1dc-d4ee600d7c45.GNOS.xml.gz.gpg	4f0560a8611a00651637bdc41ff8989d	ad7d677aec3619b04fbed4aecd8082a5
2c81d3af-224c-4243-9aac-6d3d89f0dc03/analysis.2c81d3af-224c-4243-9aac-6d3d89f0dc03.GNOS.xml.gz.gpg		d462298fa820d4437cfa889b62f594c1
da8cd8af-fe1e-44ca-82fa-628f62e771db/analysis.da8cd8af-fe1e-44ca-82fa-628f62e771db.GNOS.xml.gz.gpg	7eaa3ea834ac1b741e3e9aab68b85e7d	e8acce1356449a012f84be0cc51f67c7
130d886a-0338-4ec1-9632-222dbe585628/analysis.130d886a-0338-4ec1-9632-222dbe585628.GNOS.xml.gz.gpg		29808570dcef1d8751418eb897650ace
121d91c7-0e2c-4823-9698-42eac56affb3/analysis.121d91c7-0e2c-4823-9698-42eac56affb3.GNOS.xml.gz.gpg		95e8910d10542a5e8283f992b98fb93d
ea75c47f-7923-4d9d-8eab-c0eee0cf6054/analysis.ea75c47f-7923-4d9d-8eab-c0eee0cf6054.GNOS.xml.gz.gpg		f85b261455396efc91fbeeeafc1d7825
a3b4e606-ee11-4926-87c9-41391fd13cc0/analysis.a3b4e606-ee11-4926-87c9-41391fd13cc0.GNOS.xml.gz.gpg	ad5abdf48bc7e60378313e3bfc05dbdb	506dc140d4c414ac221723e7882bfc6a
e395ac86-99ab-4a16-855a-ca5b61c127d3/analysis.e395ac86-99ab-4a16-855a-ca5b61c127d3.GNOS.xml.gz.gpg	e7c560842a9c3af11bd990885e0c4eaa	20a6d53996628be860639b04a604ea42
e8fca4f8-00a2-4c52-b3c7-2310ff66b6aa/analysis.e8fca4f8-00a2-4c52-b3c7-2310ff66b6aa.GNOS.xml.gz.gpg	d32cb80d54b3a44a812607c7144a7022	e7993d0570e00f2ba0d51ae13ebe3694
98d862c3-c13c-4c30-b44d-3ca39389aae0/analysis.98d862c3-c13c-4c30-b44d-3ca39389aae0.GNOS.xml.gz.gpg	534d8214dd1e0c92cccdec14337a03c3	3471438512468093c635c1515f2bce89
564a8e07-6160-415c-b222-ff682baa53d3/analysis.564a8e07-6160-415c-b222-ff682baa53d3.GNOS.xml.gz.gpg	c7991e7093ab3ab2364227f8ae086013	3bc36311bb2b1505a7b9a300afc0aefb
c7e7b559-d717-4711-88b7-32915c9dbab5/analysis.c7e7b559-d717-4711-88b7-32915c9dbab5.GNOS.xml.gz.gpg	85092505b8be39e9b55fce5dc7e37597	40479c7d3e5e81911ed730bac8a50c19
99bcecf2-7560-45f1-b515-bf5d0e86d516/analysis.99bcecf2-7560-45f1-b515-bf5d0e86d516.GNOS.xml.gz.gpg	814c8da26d26bb4a98fc6e7e3bdc9986	6da80cde319e7175a2d7b51349ca3cb8
9687c8e9-fafa-4007-972e-67bb093fa400/analysis.9687c8e9-fafa-4007-972e-67bb093fa400.GNOS.xml.gz.gpg		8c51b5396c52223fa2b5eb4dc56ecf93
bf639542-15b7-4b11-88bd-bbd89f917496/analysis.bf639542-15b7-4b11-88bd-bbd89f917496.GNOS.xml.gz.gpg	af9cb5fdd8d524ecb49db82d41536312	c1132e265d932e785b27d2b87ee50aed
3526af72-dd22-489a-858b-ff72340fd781/analysis.3526af72-dd22-489a-858b-ff72340fd781.GNOS.xml.gz.gpg		b72c33f6a5d728af553d6052741ca0c3
5ed25432-e4c0-4528-b5d6-ed66af4b76d1/analysis.5ed25432-e4c0-4528-b5d6-ed66af4b76d1.GNOS.xml.gz.gpg	5804fd376a07f13b23959cc87cb74202	df9e7f00986f576f5c6a3f640fbb7398
4629bd17-bbab-4118-90c4-500d848a80a8/analysis.4629bd17-bbab-4118-90c4-500d848a80a8.GNOS.xml.gz.gpg	c1e02044b6a4d1f0665ac92a37ee0d2e	2c617e592047a59281f97a16c8e7e279
c1698edd-6d29-4094-b58e-bcc205e666f7/analysis.c1698edd-6d29-4094-b58e-bcc205e666f7.GNOS.xml.gz.gpg	8a89f0007b77ee6b9fefcb152571eff9	ea54687b799dbe51187205894de36536
2a32b516-ca27-4dbe-902e-93735ec8cd92/analysis.2a32b516-ca27-4dbe-902e-93735ec8cd92.GNOS.xml.gz.gpg		ba8514cf57bc552d6a07bab8f771b2a7
40cf233f-cacb-48fa-b70f-42f6272b5fc7/analysis.40cf233f-cacb-48fa-b70f-42f6272b5fc7.GNOS.xml.gz.gpg	18c7649dfcab75d836494d3a14ca25d1	b5fd2916963252b9901672249da48a3b
2389ce4d-96db-460f-bcb2-bcbc309a2695/analysis.2389ce4d-96db-460f-bcb2-bcbc309a2695.GNOS.xml.gz.gpg		a7d4b71cf4997ca942e5fd3e7e109bb1
1216d34d-c0a0-4d1a-ab03-e44e1175483c/analysis.1216d34d-c0a0-4d1a-ab03-e44e1175483c.GNOS.xml.gz.gpg		1cf715ce6a6d3213760e326c05239a71
b0d4fe16-d6ad-42ef-b40e-fd987f02c643/analysis.b0d4fe16-d6ad-42ef-b40e-fd987f02c643.GNOS.xml.gz.gpg	c59e7498fb025d33d53269c051a27afa	ab1c55e3adbc8f66979fb9c7e1cf7d6f
f116d628-46e0-4e5a-8ee5-10696aefacbb/analysis.f116d628-46e0-4e5a-8ee5-10696aefacbb.GNOS.xml.gz.gpg	e43875d082407df87771317faa4e45de	c14a35734538d90080543397af795478
6b98912c-9367-446a-899c-abd80dbe6d02/analysis.6b98912c-9367-446a-899c-abd80dbe6d02.GNOS.xml.gz.gpg	a32769037bd8f9605069c60c161d1ede	4b1df8f237282f5ede3ab49f3267fcaa
073f0130-0b75-4d75-bae0-289ce5225977/analysis.073f0130-0b75-4d75-bae0-289ce5225977.GNOS.xml.gz.gpg		cb9a24b9fdd5165428c489beb6e7a38b
4f569bdb-aa3c-4421-a252-4b9f2738b3c8/analysis.4f569bdb-aa3c-4421-a252-4b9f2738b3c8.GNOS.xml.gz.gpg	8511d8cdc974b3f4a5200a7618e6a72a	cd5766e2d2d9a0ff91ab13e8f7493fe8
13b2859c-866a-4257-8682-03cc7d38ed08/analysis.13b2859c-866a-4257-8682-03cc7d38ed08.GNOS.xml.gz.gpg		64e39f3bdbe3b131c402ceb39bf81490
3210e5da-5167-49b7-a77d-865787c89de6/analysis.3210e5da-5167-49b7-a77d-865787c89de6.GNOS.xml.gz.gpg		4b96e79caab4bbfbc4481441084ab8f0
2a95bd5d-3a80-4603-a517-19596eefbd67/analysis.2a95bd5d-3a80-4603-a517-19596eefbd67.GNOS.xml.gz.gpg		dcde84a934064510574398e154e41b17
8fa58b3b-810f-432b-bedf-540b684e9fd3/analysis.8fa58b3b-810f-432b-bedf-540b684e9fd3.GNOS.xml.gz.gpg	54497e5f9691487e0e37eb97eea76106	2b305674c15ed5d2d87d6ac0a849a4a8
c21d0bbc-3382-4811-8f72-6acc25baca47/analysis.c21d0bbc-3382-4811-8f72-6acc25baca47.GNOS.xml.gz.gpg	10929d79f77a91ef9731043a1226a30f	5e79990c8752e3e230cd16c4eb39f8d6
30cb1228-d926-410d-b879-5890a164fcfa/analysis.30cb1228-d926-410d-b879-5890a164fcfa.GNOS.xml.gz.gpg		3ab5567286cf213486cf892c5f575464
edd32820-0098-4df3-9119-455b1c7fd636/analysis.edd32820-0098-4df3-9119-455b1c7fd636.GNOS.xml.gz.gpg	ede173e5e044c3133812f717817ec66a	af15630cb0bcdfd106c3943460e61fb5
bf5aedab-57e1-4b5b-886f-d2a04e617b9a/analysis.bf5aedab-57e1-4b5b-886f-d2a04e617b9a.GNOS.xml.gz.gpg	21a1a9951a4af8b04634596adc0d4933	35be4f9ef2e95512807d78b450e43501
d8cbc94e-077e-4f5f-bfb2-8f13edefd54a/analysis.d8cbc94e-077e-4f5f-bfb2-8f13edefd54a.GNOS.xml.gz.gpg	d676e9d733dd0596ac79eb3dae032106	4d10a06eb9830565a543423bdf98448f
609b0e2a-5cf8-4748-9726-851ef1ba5f12/analysis.609b0e2a-5cf8-4748-9726-851ef1ba5f12.GNOS.xml.gz.gpg	013114cef64b7d641c0fee9742569902	09b66db60a36cd5020d19fe4f8bbb932
05aac9fa-737d-47a7-aeea-9023b8a0ade6/analysis.05aac9fa-737d-47a7-aeea-9023b8a0ade6.GNOS.xml.gz.gpg		69b79a27a75ef14086608b4fb14c09c7
4b7fae3c-8867-4d4b-971b-0170009b2fcb/analysis.4b7fae3c-8867-4d4b-971b-0170009b2fcb.GNOS.xml.gz.gpg	a099d538954805fd56fe5712bffd9b38	07af1b7c968d9ba041a77bbed50a45d4
972b7916-c3c3-4a82-ac10-a69e01d893d0/analysis.972b7916-c3c3-4a82-ac10-a69e01d893d0.GNOS.xml.gz.gpg	c83b3d52cbd887eea911fcb823a200fc	b6b72d96263d468ad70155d2431d524d
46a86dac-9754-41ab-8bd6-a1b977f71b64/analysis.46a86dac-9754-41ab-8bd6-a1b977f71b64.GNOS.xml.gz.gpg	bb45d04a24c8b3483c268565cb665186	39e1ade0d5d16103ec13a159798dafe4
61fe54d4-3594-48ee-b030-56625c22257a/analysis.61fe54d4-3594-48ee-b030-56625c22257a.GNOS.xml.gz.gpg	696bc6f47628361e1983dcbede496c99	6fc0e1dfc06af1fd03a38a64f68d2243
d3a21d84-a8af-44ce-b8fe-ca19a09e9322/analysis.d3a21d84-a8af-44ce-b8fe-ca19a09e9322.GNOS.xml.gz.gpg	9530f7a9c52b3caca83b0870a83570bc	6f4b1d13ed523e1ca4b33c1f204d2535
bfb2ae3d-ed12-4401-ba3c-29db37d3e685/analysis.bfb2ae3d-ed12-4401-ba3c-29db37d3e685.GNOS.xml.gz.gpg	b00c298efb889dc5e503431f434595a5	4a25ccb6992b47417c941c2ab54e31b2
72ffd755-dff0-49e3-a4d2-1dc8ca7a1639/analysis.72ffd755-dff0-49e3-a4d2-1dc8ca7a1639.GNOS.xml.gz.gpg	7426e98a1dee5d30600f150b112a2d93	09424b847a1256db6692ef1487f52ac4
